Dataset,Dataset Type,Framework,Trial,F1 Score,Training Time
285,multilabel_native,autogluon,1,0.18155808671530094,128.8987230849998
285,multilabel_native,autogluon,2,0.1873159789167093,102.72963520099984
285,multilabel_native,autogluon,3,0.340618771784854,105.24168053500034
285,multilabel_native,autogluon,4,0.19306114035875266,118.75574735099963
285,multilabel_native,autogluon,5,0.2126625980996069,132.87917365200065
285,multilabel_native,autogluon,6,0.27790881690632013,107.49970948800001
285,multilabel_native,autogluon,7,0.22469081246059658,107.91571429499982
285,multilabel_native,autogluon,8,0.3303966431221689,122.16607305600064
285,multilabel_native,autogluon,9,0.2504128105967791,114.04189177899934
285,multilabel_native,autogluon,10,0.33537941278094063,110.04309791299966
285,multilabel_native,autogluon,11,0.2792274763800173,115.8685360189993
285,multilabel_native,autogluon,12,0.1951162897116523,111.00304422000045
285,multilabel_native,autogluon,13,0.2766414997001366,112.6270024989999
285,multilabel_native,autogluon,14,0.2960720293558766,131.16202517200054
285,multilabel_native,autogluon,15,0.32022889533343135,106.36566065699935
285,multilabel_native,autogluon,16,0.3395175628451909,109.6376155779999
285,multilabel_native,autogluon,17,0.29835054717867215,110.97700912100026
285,multilabel_native,autogluon,18,0.2834448249815574,119.46295981500043
285,multilabel_native,autogluon,19,0.30263453800293166,112.92004686000018
285,multilabel_native,autogluon,20,0.25213525072582393,111.74557846399966
285,multilabel_native,autokeras,1,0.2705455957190478,15.167320560663939
285,multilabel_native,autokeras,2,0.28395001225189903,15.612254313193262
285,multilabel_native,autokeras,3,0.243704350995682,16.086128254421055
285,multilabel_native,autokeras,4,0.2550031490248882,15.209708449430764
285,multilabel_native,autokeras,5,0.28664696749462415,13.292732020840049
285,multilabel_native,autokeras,6,0.2959450052882761,18.91421860549599
285,multilabel_native,autokeras,7,0.3092267687826024,15.416482746601105
285,multilabel_native,autokeras,8,0.22418035014558702,14.308701166883111
285,multilabel_native,autokeras,9,0.28390741843690026,23.9401592919603
285,multilabel_native,autokeras,10,0.30140994256661335,22.065127809531987
285,multilabel_native,autokeras,11,0.2879995045212437,13.287985282950103
285,multilabel_native,autokeras,12,0.2981738270928116,22.893069912679493
285,multilabel_native,autokeras,13,0.27093927721324024,13.352677355520427
285,multilabel_native,autokeras,14,0.24360622977568777,13.625733802095056
285,multilabel_native,autokeras,15,0.225647367513273,20.49876036029309
285,multilabel_native,autokeras,16,0.29499947893329725,19.616792873479426
285,multilabel_native,autokeras,17,0.3051036523862611,14.846530470065773
285,multilabel_native,autokeras,18,0.2887902509054446,22.802099665626884
285,multilabel_native,autokeras,19,0.2979152617352781,15.046661379747093
285,multilabel_native,autokeras,20,0.2870329053471999,14.701201234944165
285,multilabel_native,autosklearn,1,0.6715471391039737,298.36500493530184
285,multilabel_native,autosklearn,2,0.6952940844552027,298.0777819734067
285,multilabel_native,autosklearn,3,0.7406113398111062,297.58127848803997
285,multilabel_native,autosklearn,4,0.7572984317383689,297.20329238753766
285,multilabel_native,autosklearn,5,0.6989424837982531,299.3965035881847
285,multilabel_native,autosklearn,6,0.7219069188973966,296.74487905576825
285,multilabel_native,autosklearn,7,0.7262734867051414,310.93730979412794
285,multilabel_native,autosklearn,8,0.7074907270879432,317.42836986575276
285,multilabel_native,autosklearn,9,0.664207241526521,298.92338818404824
285,multilabel_native,autosklearn,10,0.7202278177079278,297.0556566650048
285,multilabel_native,autosklearn,11,0.7063548394680105,308.9184799809009
285,multilabel_native,autosklearn,12,0.7015200059564596,313.93430455587804
285,multilabel_native,autosklearn,13,0.6939703250806215,305.9141290942207
285,multilabel_native,autosklearn,14,0.7994964933864365,304.73375096544623
285,multilabel_native,autosklearn,15,0.6732452360694962,299.3056512987241
285,multilabel_native,autosklearn,16,0.7669540686058263,299.5233322205022
285,multilabel_native,autosklearn,17,0.6732609179387379,300.9055308206007
285,multilabel_native,autosklearn,18,0.7263066735089538,297.5813755681738
285,multilabel_native,autosklearn,19,0.7313979822685512,311.41083618439734
285,multilabel_native,autosklearn,20,0.7529330764388749,302.2073123138398
285,multilabel_native,fedot,1,0.6159546763679322,299.6259933523834
285,multilabel_native,fedot,2,0.7390871732615181,301.19859502930194
285,multilabel_native,fedot,3,0.6288826472843099,299.63845352921635
41464,multilabel_native,autogluon,1,0.017523364485981307,304.650162119
41464,multilabel_native,autogluon,2,0.06964506727352578,304.8126884199992
41464,multilabel_native,autogluon,3,0.041416281612360044,301.2758161749989
41464,multilabel_native,autogluon,4,0.04029839556155346,286.6816451559989
41464,multilabel_native,autogluon,5,0.06623834542962212,273.2185655350004
41464,multilabel_native,autogluon,6,0.05555555555555555,300.14569099099936
41464,multilabel_native,autogluon,7,0.06809058709885156,266.5818969740012
41464,multilabel_native,autogluon,8,0.0829729691460289,259.9602826120008
41464,multilabel_native,autogluon,9,0.039096586782861285,271.9154344810013
41464,multilabel_native,autogluon,10,0.07495839783281733,261.2263930279987
41464,multilabel_native,autogluon,11,0.03916992481203007,269.98973960699914
41464,multilabel_native,autogluon,12,0.01521355724254275,287.5391072959992
41464,multilabel_native,autogluon,13,0.019257703081232494,296.871088498001
41464,multilabel_native,autogluon,14,0.03394383394383394,283.53771566199975
41464,multilabel_native,autogluon,15,0.067244681923581,295.5047833619992
41464,multilabel_native,autogluon,16,0.023758865248226953,262.0701637460006
41464,multilabel_native,autogluon,17,0.08956622125502581,237.08912989700002
41464,multilabel_native,autogluon,18,0.10149976676414951,256.0156292339998
41464,multilabel_native,autogluon,19,0.07765506584404222,283.79253753299963
41464,multilabel_native,autogluon,20,0.05981182795698925,271.7771804490003
41464,multilabel_native,autokeras,1,0.23827415392454315,51.31250252388418
41464,multilabel_native,autokeras,2,0.24152464094992832,49.56051433738321
41464,multilabel_native,autokeras,3,0.26480298676013214,52.84960063174367
41464,multilabel_native,autokeras,4,0.2486560763479524,63.837812202982605
41464,multilabel_native,autokeras,5,0.2620288023794218,52.71996375080198
41464,multilabel_native,autokeras,6,0.16220919388489047,53.193748941645026
41464,multilabel_native,autokeras,7,0.2561487037360534,51.80450584087521
41464,multilabel_native,autokeras,8,0.21663960623010606,54.932852482423186
41464,multilabel_native,autokeras,9,0.24417251014352462,66.72890210989863
41464,multilabel_native,autokeras,10,0.23971413773368314,63.8184709623456
41464,multilabel_native,autokeras,11,0.2530503183091418,50.303707141429186
41464,multilabel_native,autokeras,12,0.2711079044412377,68.72455612104386
41464,multilabel_native,autokeras,13,0.23839588486929922,51.284444083459675
41464,multilabel_native,autokeras,14,0.22964112342021398,51.14795038476586
41464,multilabel_native,autokeras,15,0.27792655163740265,58.230514402501285
41464,multilabel_native,autokeras,16,0.2962379281263912,63.62285734526813
41464,multilabel_native,autokeras,17,0.2677503715116357,45.982060661539435
41464,multilabel_native,autokeras,18,0.23700317656200004,65.42512701824307
41464,multilabel_native,autokeras,19,0.2917430078920535,51.712639179080725
41464,multilabel_native,autokeras,20,0.3323313917599235,50.91835093405098
41464,multilabel_native,autosklearn,1,0.6177297351959077,301.7287218347192
41464,multilabel_native,autosklearn,2,0.5273709785296238,307.8276202622801
41464,multilabel_native,autosklearn,3,0.535602852252012,303.83204298932105
41464,multilabel_native,autosklearn,4,0.6791973512194013,303.8336591012776
41464,multilabel_native,autosklearn,5,0.6117755368622024,299.37910161633044
41464,multilabel_native,autosklearn,6,0.46414935410150726,298.18241793103516
41464,multilabel_native,autosklearn,7,0.6269760697150455,308.64605474099517
41464,multilabel_native,autosklearn,8,0.5038783720987111,299.21495034825057
41464,multilabel_native,autosklearn,9,0.6090231969661052,299.3591380119324
41464,multilabel_native,autosklearn,10,0.5345435380591631,299.6735726362094
41464,multilabel_native,autosklearn,11,0.6140228836123575,303.5510547077283
41464,multilabel_native,autosklearn,12,0.44854791299235747,300.96010857913643
41464,multilabel_native,autosklearn,13,0.5991176396284138,304.2535736784339
41464,multilabel_native,autosklearn,14,0.5842025699168556,303.8536266256124
41464,multilabel_native,autosklearn,15,0.4490508516298842,298.9836115576327
41464,multilabel_native,autosklearn,16,0.5508286225432658,300.4648291692138
41464,multilabel_native,autosklearn,17,0.4731397707296227,303.22541322465986
41464,multilabel_native,autosklearn,18,0.6207604962248586,297.40115416329354
41464,multilabel_native,autosklearn,19,0.6074359632171484,303.1164213679731
41464,multilabel_native,autosklearn,20,0.6500101484767736,298.4441432226449
41465,multilabel_native,autogluon,1,0.23193037884252313,96.34581901300044
41465,multilabel_native,autogluon,2,0.21949944725130455,88.86117627899876
41465,multilabel_native,autogluon,3,0.20680879946703687,73.86054526899898
41465,multilabel_native,autogluon,4,0.2442332102655938,73.66939396900125
41465,multilabel_native,autogluon,5,0.27879772802570124,71.10725212800025
41465,multilabel_native,autogluon,6,0.23682628171115394,76.25542811000014
41465,multilabel_native,autogluon,7,0.2090608715830042,78.72247190999951
41465,multilabel_native,autogluon,8,0.2198853955381175,82.36008938899977
41465,multilabel_native,autogluon,9,0.20899025018938158,71.66521761899821
41465,multilabel_native,autogluon,10,0.25600641333974666,74.34135870600039
41465,multilabel_native,autogluon,11,0.24800626166676185,77.65047968599902
41465,multilabel_native,autogluon,12,0.23099962580945768,75.31171884300056
41465,multilabel_native,autogluon,13,0.24269541356345237,70.07433795200086
41465,multilabel_native,autogluon,14,0.22416867927558434,79.5494587860012
41465,multilabel_native,autogluon,15,0.2778593395554858,73.08990524399997
41465,multilabel_native,autogluon,16,0.24127820193111088,74.53528315200128
41465,multilabel_native,autogluon,17,0.26465809173108956,74.91241628399985
41465,multilabel_native,autogluon,18,0.2823573711238548,75.52227111100001
41465,multilabel_native,autogluon,19,0.23736452908317585,73.47340928199992
41465,multilabel_native,autogluon,20,0.269159941562712,98.0171788910011
41465,multilabel_native,autokeras,1,0.4916710089343379,38.8104251769837
41465,multilabel_native,autokeras,2,0.4552322402803761,28.763943620957434
41465,multilabel_native,autokeras,3,0.48805569371526814,32.31222291698214
41465,multilabel_native,autokeras,4,0.4740349304359057,34.74211243505124
41465,multilabel_native,autokeras,5,0.49622153522862744,29.751195761025883
41465,multilabel_native,autokeras,6,0.46270354204763364,29.561994520016015
41465,multilabel_native,autokeras,7,0.5018877506822104,27.080904597998597
41465,multilabel_native,autokeras,8,0.5180632084974932,40.44131269608624
41465,multilabel_native,autokeras,9,0.4429781603665673,51.11023061093874
41465,multilabel_native,autokeras,10,0.44645336717121364,45.533701359061524
41465,multilabel_native,autokeras,11,0.3992653783897316,28.049730092054233
41465,multilabel_native,autokeras,12,0.43806630922291484,49.23690148605965
41465,multilabel_native,autokeras,13,0.45452120622968734,46.014636186067946
41465,multilabel_native,autokeras,14,0.4770787165973778,36.34586164506618
41465,multilabel_native,autokeras,15,0.4753871687703153,53.61357351299375
41465,multilabel_native,autokeras,16,0.44796241288286665,45.72915332799312
41465,multilabel_native,autokeras,17,0.4787627565445496,29.8682353469776
41465,multilabel_native,autokeras,18,0.3739993525968277,67.01667618809734
41465,multilabel_native,autokeras,19,0.45980356029072944,32.27151889097877
41465,multilabel_native,autokeras,20,0.45913090428449044,30.91197314998135
41465,multilabel_native,autosklearn,1,0.6823459880592886,301.38823796703946
41465,multilabel_native,autosklearn,2,0.7110681322154474,299.98129157803487
41465,multilabel_native,autosklearn,3,0.7192608429928706,296.6688858389389
41465,multilabel_native,autosklearn,4,0.6587788780879207,301.2693434810499
41465,multilabel_native,autosklearn,5,0.7179666308606468,300.5723016191041
41465,multilabel_native,autosklearn,6,0.68786076260284,301.65170791803394
41465,multilabel_native,autosklearn,7,0.7070855403749943,297.2181005469756
41465,multilabel_native,autosklearn,8,0.7144877357663749,298.8519671270624
41465,multilabel_native,autosklearn,9,0.653963408665786,300.93860868702177
41465,multilabel_native,autosklearn,10,0.6632526781520264,297.96007729205303
41465,multilabel_native,autosklearn,11,0.652378868072601,301.43688886100426
41465,multilabel_native,autosklearn,12,0.674636417669011,300.1756206519203
41465,multilabel_native,autosklearn,13,0.7116673537506444,302.8420308199711
41465,multilabel_native,autosklearn,14,0.7086527942422514,299.73642200697213
41465,multilabel_native,autosklearn,15,0.6996606288674923,299.5603762669489
41465,multilabel_native,autosklearn,16,0.692663652040944,300.8056452550227
41465,multilabel_native,autosklearn,17,0.6900220996706754,305.5902187869651
41465,multilabel_native,autosklearn,18,0.6532893706501062,303.8947757720016
41465,multilabel_native,autosklearn,19,0.6630501985164945,301.45040286902804
41465,multilabel_native,autosklearn,20,0.7390490977009746,301.09420296608005
41465,multilabel_native,fedot,1,0.6499161248285712,308.7869470190053
41465,multilabel_native,fedot,2,0.6914152582622769,311.8354399230011
41465,multilabel_native,fedot,3,0.6716965199410658,308.59823159901134
41465,multilabel_native,fedot,4,0.5995810290025172,297.42846751899924
41465,multilabel_native,fedot,5,0.6417561768340098,306.0380978540052
41465,multilabel_native,fedot,6,0.6346157648107855,301.9730641060014
41465,multilabel_native,fedot,7,0.6663741076933666,308.6506566480093
41465,multilabel_native,fedot,8,0.7266453537175619,304.0014538800024
41465,multilabel_native,fedot,9,0.6673960566599982,302.050732660995
41465,multilabel_native,fedot,10,0.6288680883924422,303.2474468319997
41465,multilabel_native,fedot,11,0.6240090766857719,307.05788808299985
41465,multilabel_native,fedot,12,0.624924517532947,303.82428653798706
41465,multilabel_native,fedot,13,0.6560297878584667,303.0649202729983
41465,multilabel_native,fedot,14,0.6728889917199832,310.132529495997
41465,multilabel_native,fedot,15,0.6530427707666651,309.87969271100883
41465,multilabel_native,fedot,16,0.6345822363290655,308.15319275000365
41465,multilabel_native,fedot,17,0.6225268285516926,306.49145424499875
41465,multilabel_native,fedot,18,0.602664253199748,300.93846282899904
41465,multilabel_native,fedot,19,0.6604957495441273,307.51534553999954
41465,multilabel_native,fedot,20,0.6977436059391987,296.99669128700043
41468,multilabel_native,autogluon,1,0.4058666888984176,139.0622125509999
41468,multilabel_native,autogluon,2,0.3952334650169566,134.8019157480012
41468,multilabel_native,autogluon,3,0.36364234962663733,127.65222485899903
41468,multilabel_native,autogluon,4,0.3834010280405203,114.19908627599943
41468,multilabel_native,autogluon,5,0.35723719503030676,131.92108829000063
41468,multilabel_native,autogluon,6,0.3667487017053762,123.15855280200049
41468,multilabel_native,autogluon,7,0.3701363457566538,126.9545170399997
41468,multilabel_native,autogluon,8,0.3984886563882605,128.717504971999
41468,multilabel_native,autogluon,9,0.3650952874240468,115.73247091300072
41468,multilabel_native,autogluon,10,0.39461593507263165,126.4886753360006
41468,multilabel_native,autogluon,11,0.4206794251232667,122.59350960700249
41468,multilabel_native,autogluon,12,0.4025802495199435,124.84047339699828
41468,multilabel_native,autogluon,13,0.35592692350528726,132.53169684599925
41468,multilabel_native,autogluon,14,0.38280988373143765,124.55538567299664
41468,multilabel_native,autogluon,15,0.36484547065434597,130.1804552249996
41468,multilabel_native,autogluon,16,0.3615876845077098,122.03593654100041
41468,multilabel_native,autogluon,17,0.39068699607094803,123.85016778700083
41468,multilabel_native,autogluon,18,0.3671412616530428,124.18657101099961
41468,multilabel_native,autogluon,19,0.3966443257371813,136.32287942299808
41468,multilabel_native,autogluon,20,0.4080754814684136,120.88650880400019
41468,multilabel_native,autokeras,1,0.6389562284936283,129.0961147400085
41468,multilabel_native,autokeras,2,0.5076978945673098,119.76811111508869
41468,multilabel_native,autokeras,3,0.6087415840178918,115.665864872979
41468,multilabel_native,autokeras,4,0.566744915914473,126.9250633190386
41468,multilabel_native,autokeras,5,0.5588392424415881,118.79116030107252
41468,multilabel_native,autokeras,6,0.6001921736676294,130.5535548350308
41468,multilabel_native,autokeras,7,0.5259899058822699,113.57521654805169
41468,multilabel_native,autokeras,8,0.5824765747190878,128.29294953600038
41468,multilabel_native,autokeras,9,0.5915862762517304,182.12139598000795
41468,multilabel_native,autokeras,10,0.5402532354788419,188.51591289089993
41468,multilabel_native,autokeras,11,0.5897281080139444,108.09328332298901
41468,multilabel_native,autokeras,12,0.5987248310779789,203.32144103804603
41468,multilabel_native,autokeras,13,0.530501500884457,128.38796270091552
41468,multilabel_native,autokeras,14,0.5854848941760462,120.09751402190886
41468,multilabel_native,autokeras,15,0.5168636703637154,156.90309920196887
41468,multilabel_native,autokeras,16,0.6034367387493905,198.5689247539267
41468,multilabel_native,autokeras,17,0.5399957450999613,113.99567463598214
41468,multilabel_native,autokeras,18,0.49781461152260525,195.18567635607906
41468,multilabel_native,autokeras,19,0.5754845493186493,116.17754770698957
41468,multilabel_native,autokeras,20,0.5886335372490907,113.67179168795701
41468,multilabel_native,autosklearn,1,0.6326092558358223,302.41549998905975
41468,multilabel_native,autosklearn,2,0.5886468451246881,297.12247438100167
41468,multilabel_native,autosklearn,3,0.6472599860853985,302.1954334389884
41468,multilabel_native,autosklearn,4,0.6015697752650616,301.0848355080234
41468,multilabel_native,autosklearn,5,0.6224553063308991,299.5002163850004
41468,multilabel_native,autosklearn,6,0.6243896881542421,301.96176063700113
41468,multilabel_native,autosklearn,7,0.6380138201637598,304.7949889510637
41468,multilabel_native,autosklearn,8,0.6374565909922106,299.6875386389438
41468,multilabel_native,autosklearn,9,0.6383258970094239,301.70142775203567
41468,multilabel_native,autosklearn,10,0.6250931815407966,301.8066889590118
41468,multilabel_native,autosklearn,11,0.6135725282877788,303.8742086569546
41468,multilabel_native,autosklearn,12,0.5754080345516311,300.392066875007
41468,multilabel_native,autosklearn,13,0.6198968346217982,302.34512690408155
41468,multilabel_native,autosklearn,14,0.6485528367389403,304.16315601498354
41468,multilabel_native,autosklearn,15,0.6210439203550677,301.9082044749521
41468,multilabel_native,autosklearn,16,0.6162958846898768,305.3581169389654
41468,multilabel_native,autosklearn,17,0.6398286315685648,300.9633638120722
41468,multilabel_native,autosklearn,18,0.6159007053785647,301.6379467570223
41468,multilabel_native,autosklearn,19,0.6579231728997986,303.31375744205434
41468,multilabel_native,autosklearn,20,0.6419770103049619,302.7829509091098
41468,multilabel_native,fedot,1,0.5059075723246846,312.6685119019967
41468,multilabel_native,fedot,2,0.4986187359663574,346.0166536600009
41468,multilabel_native,fedot,3,0.4815958098668379,345.8309626410046
41468,multilabel_native,fedot,4,0.4452747440899965,379.0976933769998
41468,multilabel_native,fedot,5,0.5233221880836195,296.9289167090028
41468,multilabel_native,fedot,6,0.5303256843604456,374.6261994870001
41468,multilabel_native,fedot,7,0.4415053759895509,324.851741135004
41468,multilabel_native,fedot,8,0.48721306139358034,436.77755964698736
41468,multilabel_native,fedot,9,0.5002332167959664,384.34596040799806
41468,multilabel_native,fedot,10,0.491230994697187,380.6729162069969
41468,multilabel_native,fedot,11,0.4892966237179098,361.6325987330056
41468,multilabel_native,fedot,12,0.4667591425267102,314.0757486259972
41468,multilabel_native,fedot,13,0.48666008798202526,354.88582460800535
41468,multilabel_native,fedot,14,0.46553366785941885,345.28525366699614
41468,multilabel_native,fedot,15,0.5021099466726037,336.4381875090039
41468,multilabel_native,fedot,16,0.44545201597305456,384.65816699499555
41468,multilabel_native,fedot,17,0.5375050744341878,339.06623874900106
41468,multilabel_native,fedot,18,0.5110269888981096,406.8983524280047
41470,multilabel_native,autogluon,1,0.3510039720945758,165.06203836699933
41470,multilabel_native,autogluon,2,0.358973849465658,168.54884844299886
41470,multilabel_native,autogluon,3,0.3558955394310136,167.33016806200249
41470,multilabel_native,autogluon,4,0.3486677318302075,172.04092969400153
41470,multilabel_native,autogluon,5,0.3446309281983156,168.7333803449983
41470,multilabel_native,autogluon,6,0.327619311623205,159.177667441003
41470,multilabel_native,autogluon,7,0.3269320271468976,169.84360673500123
41470,multilabel_native,autogluon,8,0.3986166706665331,186.841330837
41470,multilabel_native,autogluon,9,0.33685110194354045,191.3817692770026
41470,multilabel_native,autogluon,10,0.3794559924666814,167.45798113599812
41470,multilabel_native,autogluon,11,0.39340704048279396,162.438033491002
41470,multilabel_native,autogluon,12,0.35315088448402215,168.11823371799983
41470,multilabel_native,autogluon,13,0.3477099843756825,174.413544619998
41470,multilabel_native,autogluon,14,0.34221829597612946,166.40608023999812
41470,multilabel_native,autogluon,15,0.3337164102352991,164.85400692300027
41470,multilabel_native,autogluon,16,0.32945188600985703,162.26378135699997
41470,multilabel_native,autogluon,17,0.3168299094089081,164.66722047799703
41470,multilabel_native,autogluon,18,0.3695296962303489,171.50249952100057
41470,multilabel_native,autogluon,19,0.330934375657498,164.3992411149993
41470,multilabel_native,autogluon,20,0.3492999606224308,162.44645275100265
41470,multilabel_native,autokeras,1,0.6863244720502415,215.97331439505797
41470,multilabel_native,autokeras,2,0.6685935569802622,195.0051607519854
41470,multilabel_native,autokeras,3,0.6836926774817976,211.48383476096205
41470,multilabel_native,autokeras,4,0.6739326058933093,211.96251878899056
41470,multilabel_native,autokeras,5,0.6584008431279236,208.6721278579207
41470,multilabel_native,autokeras,6,0.68037404735201,213.96332257299218
41470,multilabel_native,autokeras,7,0.6957492474511581,211.65351287601516
41470,multilabel_native,autokeras,8,0.7095781509164115,228.09712648997083
41470,multilabel_native,autokeras,9,0.6735383878703533,306.1561502290424
41470,multilabel_native,autokeras,10,0.6713290472941275,285.47885487403255
41470,multilabel_native,autokeras,11,0.6767681830482145,198.8861473640427
41470,multilabel_native,autokeras,12,0.6703120764285735,288.8434875829844
41470,multilabel_native,autokeras,13,0.6764322626327282,199.90516697103158
41470,multilabel_native,autokeras,14,0.7113802831087889,201.94895371701568
41470,multilabel_native,autokeras,15,0.6969837142784662,230.68696185504086
41470,multilabel_native,autokeras,16,0.6682502416550707,283.02681077399757
41470,multilabel_native,autokeras,17,0.6517492949490692,196.8370680588996
41470,multilabel_native,autokeras,18,0.6770423309697826,293.076132363989
41470,multilabel_native,autokeras,19,0.662277092133165,207.00592293799855
41470,multilabel_native,autokeras,20,0.651372200528642,211.16826894297265
41470,multilabel_native,autosklearn,1,0.7483471145738129,299.55517553305253
41470,multilabel_native,autosklearn,2,0.7543867991916293,302.36424728203565
41470,multilabel_native,autosklearn,3,0.7866734165477152,302.5444389579352
41470,multilabel_native,autosklearn,4,0.7852215304609393,300.07099368900526
41470,multilabel_native,autosklearn,5,0.7614983528379865,300.9779479820281
41470,multilabel_native,autosklearn,6,0.7802474740078433,301.66759627102874
41470,multilabel_native,autosklearn,7,0.7959465122158643,296.2391027529957
41470,multilabel_native,autosklearn,8,0.8067145954398671,300.7589548530523
41470,multilabel_native,autosklearn,9,0.7820414004211914,302.0211654260056
41470,multilabel_native,autosklearn,10,0.7887704128987814,308.31651689403225
41470,multilabel_native,autosklearn,11,0.7690878048274117,300.28634679003153
41470,multilabel_native,autosklearn,12,0.7701978672321538,301.0912039419636
41470,multilabel_native,autosklearn,13,0.7789882418299451,301.1130752679892
41470,multilabel_native,autosklearn,14,0.7664356707799252,298.3354217549786
41470,multilabel_native,autosklearn,15,0.7809491053290406,300.63860717695206
41470,multilabel_native,autosklearn,16,0.763651683002071,301.74858928704634
41470,multilabel_native,autosklearn,17,0.76311127312411,300.75186241196934
41470,multilabel_native,autosklearn,18,0.7926435861569215,301.793377328082
41470,multilabel_native,autosklearn,19,0.7510701999084902,302.0476394810248
41470,multilabel_native,autosklearn,20,0.7817487036593666,300.1817904210184
41470,multilabel_native,fedot,1,0.6633925794202922,610.5768376765773
41470,multilabel_native,fedot,2,0.674994213457154,534.4337144661695
41470,multilabel_native,fedot,3,0.6602701585570253,1326.5434828745201
41470,multilabel_native,fedot,4,0.7089546050881171,928.6000100057572
41470,multilabel_native,fedot,5,0.6569719138681392,491.666562570259
41470,multilabel_native,fedot,6,0.6782881037097916,681.6112015396357
41470,multilabel_native,fedot,7,0.6536633990080974,659.4654690548778
41470,multilabel_native,fedot,8,0.7092496443196326,464.7004287717864
41470,multilabel_native,fedot,9,0.7079310456886077,508.1824787100777
41470,multilabel_native,fedot,10,0.6807519138820832,957.191452158615
41470,multilabel_native,fedot,11,0.6877628434309814,545.8088690843433
41470,multilabel_native,fedot,12,0.6816835763636251,322.98505920916796
41470,multilabel_native,fedot,13,0.7427641924832057,842.8582852473482
41470,multilabel_native,fedot,14,0.6664217375522717,815.09706028644
41470,multilabel_native,fedot,15,0.6253316685124948,314.2526599969715
41470,multilabel_native,fedot,16,0.7151306733523132,306.03658518753946
41470,multilabel_native,fedot,17,0.6961534358582379,309.55769787263125
41470,multilabel_native,fedot,18,0.7030075567514269,483.47649506945163
41470,multilabel_native,fedot,19,0.7246639012941986,480.4178159805015
41470,multilabel_native,fedot,20,0.743691580433617,322.22954788058996
41471,multilabel_native,autogluon,1,0.2761426574365372,203.4232486309993
41471,multilabel_native,autogluon,2,0.25293948565854,202.11508066199895
41471,multilabel_native,autogluon,3,0.3084514280502658,192.53624173200296
41471,multilabel_native,autogluon,4,0.2810402634551202,188.47608541099908
41471,multilabel_native,autogluon,5,0.2778750088199774,196.76926205700147
41471,multilabel_native,autogluon,6,0.3046880890885499,203.03528020999875
41471,multilabel_native,autogluon,7,0.2987470440893651,202.0531343090006
41471,multilabel_native,autogluon,8,0.28296576468944057,210.06443213499733
41471,multilabel_native,autogluon,9,0.29760877871997676,296.5329750889978
41471,multilabel_native,autogluon,10,0.28896721224936306,255.50995565199992
41471,multilabel_native,autogluon,11,0.30054407382792797,241.81110526699922
41471,multilabel_native,autogluon,12,0.274425687615052,193.4362844419993
41471,multilabel_native,autogluon,13,0.2891608315729786,183.0540704920022
41471,multilabel_native,autogluon,14,0.33868467663644825,214.83868828199775
41471,multilabel_native,autogluon,15,0.28333511014661195,223.75812917900112
41471,multilabel_native,autogluon,16,0.2562200274723196,205.52083411000058
41471,multilabel_native,autogluon,17,0.30366981537882054,201.84263359300166
41471,multilabel_native,autogluon,18,0.2875977653358456,219.57599225700324
41471,multilabel_native,autogluon,19,0.3103983928134115,205.3264800120014
41471,multilabel_native,autogluon,20,0.327418748541032,195.98743791599918
41471,multilabel_native,autokeras,1,0.729172741509257,83.05245600198396
41471,multilabel_native,autokeras,2,0.7048635247544421,77.18449515197426
41471,multilabel_native,autokeras,3,0.7244265338022677,77.79381082905456
41471,multilabel_native,autokeras,4,0.7445965415320955,78.43387463106774
41471,multilabel_native,autokeras,5,0.7465419930711577,75.70722170092631
41471,multilabel_native,autokeras,6,0.72124739700458,73.79705716797616
41471,multilabel_native,autokeras,7,0.7287755111086625,70.13933160505258
41471,multilabel_native,autokeras,8,0.7080025216490182,78.1790045700036
41471,multilabel_native,autokeras,9,0.6968875097192384,127.357052425039
41471,multilabel_native,autokeras,10,0.7362792345669529,111.10298350208905
41471,multilabel_native,autokeras,11,0.7306594468651344,67.42270135495346
41471,multilabel_native,autokeras,12,0.7553504280055029,123.53387395804748
41471,multilabel_native,autokeras,13,0.7261901517822911,75.56094518699683
41471,multilabel_native,autokeras,14,0.7583255307839908,73.17316122807097
41471,multilabel_native,autokeras,15,0.7468412254642278,86.17264680506196
41471,multilabel_native,autokeras,16,0.7465804148594268,110.75325655099005
41471,multilabel_native,autokeras,17,0.7096965300486272,75.74437238601968
41471,multilabel_native,autokeras,18,0.6798615802146903,127.4528184189694
41471,multilabel_native,autokeras,19,0.7507984576364728,78.4853561250493
41471,multilabel_native,autokeras,20,0.7169392980219013,69.96215398004279
41471,multilabel_native,autosklearn,1,0.7814455705147485,301.69022255798336
41471,multilabel_native,autosklearn,2,0.7914165258393062,299.23607304203324
41471,multilabel_native,autosklearn,3,0.7956917972295378,300.639180936967
41471,multilabel_native,autosklearn,4,0.7875855896717949,306.5091347369598
41471,multilabel_native,autosklearn,5,0.808200939549373,300.00930011703167
41471,multilabel_native,autosklearn,6,0.7740192363627002,298.3097807089798
41471,multilabel_native,autosklearn,7,0.7702406264764957,301.5973806499969
41471,multilabel_native,autosklearn,8,0.8155992809877759,299.88457260397263
41471,multilabel_native,autosklearn,9,0.7855407649345144,299.3319262880832
41471,multilabel_native,autosklearn,10,0.7767312161761317,302.79107036395
41471,multilabel_native,autosklearn,11,0.8099854698259218,300.9990198839223
41471,multilabel_native,autosklearn,12,0.7979459648537766,298.5062160959933
41471,multilabel_native,autosklearn,13,0.7954339272506132,296.7166161999339
41471,multilabel_native,autosklearn,14,0.7794405934224329,299.1035138920415
41471,multilabel_native,autosklearn,15,0.8111065637854062,301.9396960469894
41471,multilabel_native,autosklearn,16,0.7902663678470518,301.2414779129904
41471,multilabel_native,autosklearn,17,0.746920412947722,296.79471763491165
41471,multilabel_native,autosklearn,18,0.7951816463399073,298.11360915203113
41471,multilabel_native,autosklearn,19,0.805921490728787,298.4972342320252
41471,multilabel_native,autosklearn,20,0.8073257725301577,301.70172466302756
41471,multilabel_native,fedot,1,0.6598060942619695,362.4353354740015
41471,multilabel_native,fedot,2,0.6274082414056065,302.11606148298597
41471,multilabel_native,fedot,3,0.6559461437703943,373.3629484709818
41471,multilabel_native,fedot,4,0.680736905154067,392.1558939999959
41471,multilabel_native,fedot,5,0.6700393017703742,349.5374719319807
41471,multilabel_native,fedot,6,0.6326479573502464,555.0408651789767
41471,multilabel_native,fedot,7,0.6689934645870504,772.7595141579804
41471,multilabel_native,fedot,8,0.6739508210323911,325.40030308501446
41471,multilabel_native,fedot,9,0.6257100053387701,291.70193166899844
41471,multilabel_native,fedot,10,0.6385160470202049,422.86641169700306
41471,multilabel_native,fedot,11,0.6671533284560635,346.0177005029982
41471,multilabel_native,fedot,12,0.7811604723604382,562.4740686749865
41471,multilabel_native,fedot,13,0.6485975460941324,523.1654181189951
41471,multilabel_native,fedot,14,0.6724820166728273,341.59078260397655
41471,multilabel_native,fedot,15,0.7474967913575842,388.2388576619851
41471,multilabel_native,fedot,16,0.649597397389662,708.0694176680117
41471,multilabel_native,fedot,17,0.6800468753489392,341.6359574699891
41471,multilabel_native,fedot,18,0.6447715288761539,490.29829530001734
41471,multilabel_native,fedot,19,0.6646735848409959,434.2302362639748
41471,multilabel_native,fedot,20,0.651744468078952,834.309233774984
41473,multilabel_native,autogluon,1,0.22928413909625645,298.06962223600203
41473,multilabel_native,autogluon,2,0.25248090590940114,302.2991881600028
41473,multilabel_native,autogluon,3,0.2556717047764771,300.9293320020006
41473,multilabel_native,autogluon,4,0.2524417037309069,302.17021515599845
41473,multilabel_native,autogluon,5,0.2514037402292654,309.86215139200067
41473,multilabel_native,autogluon,6,0.24810073816110062,304.0594467280025
41473,multilabel_native,autogluon,7,0.22353296331733252,306.1359566869978
41473,multilabel_native,autogluon,8,0.23017333524514497,297.15469646499696
41473,multilabel_native,autogluon,9,0.2425770831723351,292.74227639200035
41473,multilabel_native,autogluon,10,0.2317596488665208,301.71167656599937
41473,multilabel_native,autogluon,11,0.2719588422524106,296.0835476989996
41473,multilabel_native,autogluon,12,0.24568365334991546,300.8127879200001
41473,multilabel_native,autogluon,13,0.24253194282251878,299.83322794000196
41473,multilabel_native,autogluon,14,0.22553968283082199,301.281503006001
41473,multilabel_native,autogluon,15,0.26809859276435344,303.98419404200104
41473,multilabel_native,autogluon,16,0.23495281585643407,302.00055213499945
41473,multilabel_native,autogluon,17,0.24944737103442804,297.4402044200033
41473,multilabel_native,autogluon,18,0.252274612534395,304.5141427939998
41473,multilabel_native,autogluon,19,0.24022235569453165,302.5465051600004
41473,multilabel_native,autogluon,20,0.24138066088173019,307.8242262089989
41473,multilabel_native,autokeras,1,0.24793403333798525,64.86744489998091
41473,multilabel_native,autokeras,2,0.24797780301343078,56.47602330800146
41473,multilabel_native,autokeras,3,0.23278293961645422,67.2903394199675
41473,multilabel_native,autokeras,4,0.23697745775451398,60.25659244705457
41473,multilabel_native,autokeras,5,0.21836899672039728,56.250999531010166
41473,multilabel_native,autokeras,6,0.24094454886225733,57.069115333026275
41473,multilabel_native,autokeras,7,0.2292541706129475,54.153385794954374
41473,multilabel_native,autokeras,8,0.2391752293534624,59.39463993895333
41473,multilabel_native,autokeras,9,0.2408292367295804,98.75776721804868
41473,multilabel_native,autokeras,10,0.23048307071241966,86.83169221202843
41473,multilabel_native,autokeras,11,0.213290808448533,53.46330048702657
41473,multilabel_native,autokeras,12,0.21851770484172325,98.2336826469982
41473,multilabel_native,autokeras,13,0.23489543855453734,56.301550716976635
41473,multilabel_native,autokeras,14,0.24117647191509753,56.44555641699117
41473,multilabel_native,autokeras,15,0.22421901799170768,71.17450344003737
41473,multilabel_native,autokeras,16,0.2378125430359699,91.65598386700731
41473,multilabel_native,autokeras,17,0.2349345000954163,64.55539777700324
41473,multilabel_native,autokeras,18,0.23337777429028186,84.99492945801467
41473,multilabel_native,autokeras,19,0.24113518448171883,65.19516695907805
41473,multilabel_native,autokeras,20,0.24154646714542416,52.99667696701363
41473,multilabel_native,autosklearn,1,0.622759050271032,300.0773521269439
41473,multilabel_native,autosklearn,2,0.6088926284378582,301.30074067402165
41473,multilabel_native,autosklearn,3,0.5929429573923656,294.6664548399858
41473,multilabel_native,autosklearn,4,0.5808228146403654,302.39776086295024
41473,multilabel_native,autosklearn,5,0.5764691596512783,306.59712098701857
41473,multilabel_native,autosklearn,6,0.6297696467581064,298.6399193480611
41473,multilabel_native,autosklearn,7,0.6248314589584423,298.5384338919539
41473,multilabel_native,autosklearn,8,0.5834522626234,300.67079863895196
41473,multilabel_native,autosklearn,9,0.5752452926930033,305.7942278040573
41473,multilabel_native,autosklearn,10,0.5917675533651975,300.2956156670116
41473,multilabel_native,autosklearn,11,0.571980182170984,297.2080277489731
41473,multilabel_native,autosklearn,12,0.5709426655131773,296.88056211092044
41473,multilabel_native,autosklearn,13,0.5943981873455118,302.059617657098
41473,multilabel_native,autosklearn,14,0.6152665933245776,301.502840303001
41473,multilabel_native,autosklearn,15,0.6244771961627773,307.95476481702644
41473,multilabel_native,autosklearn,16,0.6038955779294047,301.41354765801225
41473,multilabel_native,autosklearn,17,0.609723563242299,305.3258905649418
41473,multilabel_native,autosklearn,18,0.5779465649234722,302.04236878908705
41473,multilabel_native,autosklearn,19,0.5892118676953787,297.7283478679601
41473,multilabel_native,autosklearn,20,0.5911397525384001,301.62428082700353
41473,multilabel_native,fedot,1,0.5406135657384517,308.4973258340033
41473,multilabel_native,fedot,2,0.5642869764301607,354.00011109601473
41473,multilabel_native,fedot,3,0.569166719878285,357.24180371599505
41473,multilabel_native,fedot,4,0.5450811923024484,361.7890462630021
41473,multilabel_native,fedot,5,0.5672295235282399,422.11242029300774
41473,multilabel_native,fedot,6,0.5529195416156713,362.09896617999766
41473,multilabel_native,fedot,7,0.5567609267879337,360.4225176250038
41473,multilabel_native,fedot,8,0.5655984605754056,642.4097042009817
41473,multilabel_native,fedot,9,0.5451421784941524,322.55948894200264
41473,multilabel_native,fedot,10,0.5756000409711093,487.0292023610091
41473,multilabel_native,fedot,11,0.5458788065995432,424.1853782669932
41473,multilabel_native,fedot,12,0.5494214059447922,494.21387612700346
41473,multilabel_native,fedot,13,0.5259208178987527,467.8421364480164
41473,multilabel_native,fedot,14,0.5696231391961113,402.3794894879975
41473,multilabel_native,fedot,15,0.5350701918320068,415.6080367999966
41473,multilabel_native,fedot,16,0.560866282423929,348.5133251599909
41473,multilabel_native,fedot,17,0.5695488847118454,457.9678465600009
41473,multilabel_native,fedot,18,0.5509374038443936,423.0106622930034
41473,multilabel_native,fedot,19,0.537765276899627,402.3743732249999
