Dataset,Framework,Trial,F1 Score
31,4intelligence,1.0,0.5982003365299604
31,4intelligence,2.0,0.6028643206446391
31,4intelligence,3.0,0.6005035880592918
31,4intelligence,4.0,0.6005035880592918
31,4intelligence,5.0,0.5999297444599924
31,4intelligence,6.0,0.6021388998579837
31,4intelligence,7.0,0.6047881034025158
31,4intelligence,8.0,0.6001602098392159
31,4intelligence,9.0,0.5949466097489118
31,4intelligence,10.0,0.6005035880592918
31,4intelligence,11.0,0.6028643206446391
31,4intelligence,12.0,0.6005035880592918
31,4intelligence,13.0,0.5968280563177435
31,4intelligence,14.0,0.6061438319024156
31,4intelligence,15.0,0.6028643206446391
31,4intelligence,16.0,0.6028643206446391
31,4intelligence,17.0,0.5929122816668018
31,4intelligence,18.0,0.6044136829401797
31,4intelligence,19.0,0.6028643206446391
31,4intelligence,20.0,0.6044611064593481
31,autogluon,1.0,0.6948958837772397
31,autogluon,2.0,0.6773079700505492
31,autogluon,3.0,0.7150832809033412
31,autogluon,4.0,0.7828138528138529
31,autogluon,5.0,0.7205548724739117
31,autogluon,6.0,0.7219689393688532
31,autogluon,7.0,0.7865625
31,autogluon,8.0,0.7
31,autogluon,9.0,0.7360498960498961
31,autogluon,10.0,0.7445595119446711
31,autogluon,11.0,0.7533500192529843
31,autogluon,12.0,0.7513357516270137
31,autogluon,13.0,0.7556512337450755
31,autogluon,14.0,0.6890065460146323
31,autogluon,15.0,0.7531333333333333
31,autogluon,16.0,0.7689930145768875
31,autogluon,17.0,0.748882446460301
31,autogluon,18.0,0.7173541237618908
31,autogluon,19.0,0.7401253918495297
31,autogluon,20.0,0.7286019549196756
31,autokeras,1.0,0.6973352033660589
31,autokeras,2.0,0.669166144200627
31,autokeras,3.0,0.6354706094482511
31,autokeras,4.0,0.72
31,autokeras,5.0,0.6725373134328357
31,autokeras,6.0,0.7157144151490441
31,autokeras,7.0,0.6788824464603012
31,autokeras,8.0,0.6918087265347539
31,autokeras,9.0,0.6929234843469214
31,autokeras,10.0,0.670209973753281
31,autokeras,11.0,0.6901749288251006
31,autokeras,12.0,0.7493867334167709
31,autokeras,13.0,0.7053732193732194
31,autokeras,14.0,0.7307187955318115
31,autokeras,15.0,0.6700105277010132
31,autokeras,16.0,0.690379403794038
31,autokeras,17.0,0.709648176127779
31,autokeras,18.0,0.5540211481655893
31,autokeras,19.0,0.6448250991705734
31,autokeras,20.0,0.6615100514258998
31,autopytorch,1.0,0.7023066485753052
31,autopytorch,2.0,0.729381024860477
31,autopytorch,3.0,0.7115298736351366
31,autopytorch,4.0,0.8053553235304745
31,autopytorch,5.0,0.6723246276710555
31,autopytorch,6.0,0.7516013591446117
31,autopytorch,7.0,0.7390852390852394
31,autopytorch,8.0,0.7241565778853915
31,autopytorch,9.0,0.7458639705882354
31,autopytorch,10.0,0.733443344022248
31,autopytorch,11.0,0.7690047549268817
31,autopytorch,12.0,0.7842100283822139
31,autopytorch,13.0,0.7493256612154249
31,autopytorch,14.0,0.7176724782439666
31,autopytorch,15.0,0.7226339285714285
31,autopytorch,16.0,0.7078125
31,autopytorch,17.0,0.732398316970547
31,autopytorch,18.0,0.7487975646879756
31,autopytorch,19.0,0.744456634824553
31,autopytorch,20.0,0.738767413255528
31,autosklearn,1.0,0.7394407727503812
31,autosklearn,2.0,0.733535095777619
31,autosklearn,3.0,0.7150832809033412
31,autosklearn,4.0,0.8053553235304745
31,autosklearn,5.0,0.6969920694192538
31,autosklearn,6.0,0.7686384814495254
31,autosklearn,7.0,0.7519033742839167
31,autosklearn,8.0,0.7484407484407484
31,autosklearn,9.0,0.7382826338082402
31,autosklearn,10.0,0.7395771383158382
31,autosklearn,11.0,0.7469999999999999
31,autosklearn,12.0,0.7554910394265232
31,autosklearn,13.0,0.7345530145530145
31,autosklearn,14.0,0.7239257981018119
31,autosklearn,15.0,0.7310284728213978
31,autosklearn,16.0,0.7964583333333334
31,autosklearn,17.0,0.754616048317515
31,autosklearn,18.0,0.7250548245614036
31,autosklearn,19.0,0.7342400751703078
31,autosklearn,20.0,0.7296371481808376
31,evalml,1.0,0.7248014160858501
31,evalml,2.0,0.7074866310160427
31,evalml,3.0,0.7314243651085758
31,evalml,4.0,0.7795185850751915
31,evalml,5.0,0.7248014160858501
31,evalml,6.0,0.7447303710693569
31,evalml,7.0,0.747702839187521
31,evalml,8.0,0.7076493443419136
31,evalml,9.0,0.6526572315144176
31,evalml,10.0,0.7227991891681177
31,evalml,11.0,0.7351293809367836
31,evalml,12.0,0.7030766509754837
31,evalml,13.0,0.721643753735804
31,evalml,14.0,0.6706075533661741
31,evalml,15.0,0.6013003832761342
31,evalml,16.0,0.7472592592592592
31,evalml,17.0,0.7377005347593584
31,evalml,18.0,0.7211607142857143
31,evalml,19.0,0.725687777748902
31,evalml,20.0,0.7118631656030965
31,fedot,1.0,0.7120831728917981
31,fedot,2.0,0.7019449927622056
31,fedot,3.0,0.729290767903365
31,fedot,4.0,0.8058408679927667
31,fedot,5.0,0.6316048762096267
31,fedot,6.0,0.7490340759003259
31,fedot,7.0,0.7357440476190475
31,fedot,8.0,0.7189194633423283
31,fedot,9.0,0.71725908906609
31,fedot,10.0,0.6788188372449763
31,fedot,11.0,0.7389246323529411
31,fedot,12.0,0.7460132497338223
31,fedot,13.0,0.7124324324324324
31,fedot,14.0,0.6808330328164441
31,fedot,15.0,0.707667252331396
31,fedot,16.0,0.7356855100714751
31,fedot,17.0,0.7290206648697215
31,fedot,18.0,0.6781000828108364
31,fedot,19.0,0.707667252331396
31,flaml,1.0,0.6942857142857144
31,flaml,2.0,0.7563283147158816
31,flaml,3.0,0.7150832809033412
31,flaml,4.0,0.7903684653511643
31,flaml,5.0,0.7243365915327926
31,flaml,6.0,0.7559373040752351
31,flaml,7.0,0.7265877089090671
31,flaml,8.0,0.7287127084801504
31,flaml,9.0,0.7037516869095817
31,flaml,10.0,0.7386607378709167
31,flaml,11.0,0.7901785714285714
31,flaml,12.0,0.7431071766454926
31,flaml,13.0,0.7526293376823412
31,flaml,14.0,0.7124587585951713
31,flaml,15.0,0.7695676975733095
31,flaml,16.0,0.7939673982800667
31,flaml,17.0,0.7460718515594158
31,flaml,18.0,0.7005059523809524
31,flaml,19.0,0.7449004371053909
31,flaml,20.0,0.7301891685736079
31,gama,1.0,0.7390873015873016
31,gama,2.0,0.7338794578233978
31,gama,3.0,0.7232640332640333
31,gama,4.0,0.8279643657313559
31,gama,5.0,0.711544090863936
31,gama,6.0,0.7386866727909904
31,gama,7.0,0.751313053523296
31,gama,8.0,0.727615520791936
31,gama,9.0,0.7447874720357942
31,gama,10.0,0.7513513513513513
31,gama,11.0,0.7656078431372549
31,gama,12.0,0.7509824561403508
31,gama,13.0,0.6879052286499552
31,gama,14.0,0.7232346361363338
31,gama,15.0,0.7949687488709851
31,gama,16.0,0.7328041415012941
31,gama,17.0,0.7182018981880932
31,gama,18.0,0.7580350342726581
31,gama,19.0,0.7465280665280666
31,gama,20.0,0.7728032082083891
31,h2o,1.0,0.6944418734540813
31,h2o,2.0,0.7256214962871651
31,h2o,3.0,0.7030597377367654
31,h2o,4.0,0.802708163450213
31,h2o,5.0,0.6978772774633211
31,h2o,6.0,0.7322606481878773
31,h2o,7.0,0.7581352809580207
31,h2o,8.0,0.7174529461836753
31,h2o,9.0,0.751516919820361
31,h2o,10.0,0.747546728279866
31,h2o,11.0,0.7587075167452244
31,h2o,12.0,0.7164619980086293
31,h2o,13.0,0.6974968995452667
31,h2o,14.0,0.6659043255416635
31,h2o,15.0,0.7200076277650648
31,h2o,16.0,0.7696145454545454
31,h2o,17.0,0.761952707856598
31,h2o,18.0,0.7532800142184307
31,h2o,19.0,0.7610288494960028
31,h2o,20.0,0.7444411282299481
31,lightautoml,1.0,0.5504761904761906
31,lightautoml,2.0,0.5699410029498525
31,lightautoml,3.0,0.6027906976744185
31,lightautoml,4.0,0.6361318051575932
31,lightautoml,5.0,0.5504761904761906
31,lightautoml,6.0,0.5895906432748538
31,lightautoml,7.0,0.5830205278592375
31,lightautoml,8.0,0.6227377521613833
31,lightautoml,9.0,0.5248192771084337
31,lightautoml,10.0,0.5312012012012012
31,lightautoml,11.0,0.5440298507462686
31,lightautoml,12.0,0.6227377521613833
31,lightautoml,13.0,0.5184592145015106
31,lightautoml,14.0,0.5440298507462686
31,lightautoml,15.0,0.5699410029498525
31,lightautoml,16.0,0.5895906432748538
31,lightautoml,17.0,0.5764705882352941
31,lightautoml,18.0,0.5634319526627218
31,lightautoml,19.0,0.5634319526627218
31,lightautoml,20.0,0.5699410029498525
31,lightwood,1.0,0.6662766375717544
31,lightwood,2.0,0.6723251823251825
31,lightwood,3.0,0.6787938288920057
31,lightwood,4.0,0.7568204365079364
31,lightwood,5.0,0.6990933333333333
31,lightwood,6.0,0.7319097222222222
31,lightwood,7.0,0.7185916283245426
31,lightwood,8.0,0.7304479476006773
31,lightwood,9.0,0.7076875194522253
31,lightwood,10.0,0.7752716468590833
31,lightwood,11.0,0.6852747252747254
31,lightwood,12.0,0.6906666666666667
31,lightwood,13.0,0.7457118945496392
31,lightwood,14.0,0.7018052738336713
31,lightwood,15.0,0.7390234375
31,lightwood,16.0,0.7260216654262797
31,lightwood,17.0,0.711333883712702
31,lightwood,18.0,0.7106960950764009
31,lightwood,19.0,0.7207271963009667
31,lightwood,20.0,0.7108751608751609
31,mljar,1.0,0.6792020592020591
31,mljar,2.0,0.7167565151163946
31,mljar,3.0,0.7107728621096616
31,mljar,4.0,0.7914079139872752
31,mljar,5.0,0.6992105263157896
31,mljar,6.0,0.7363554788610871
31,mljar,7.0,0.745231638418079
31,mljar,8.0,0.7131343058198181
31,mljar,9.0,0.7324055733704136
31,mljar,10.0,0.6893419754346568
31,mljar,11.0,0.7810133648049505
31,mljar,12.0,0.7702711722987068
31,mljar,13.0,0.7691800356506241
31,mljar,14.0,0.7231685789938216
31,mljar,15.0,0.7447245736719421
31,mljar,16.0,0.7689930145768875
31,mljar,17.0,0.7286425489545303
31,mljar,18.0,0.723595951953088
31,mljar,19.0,0.7444237034428107
31,mljar,20.0,0.7475357615097968
31,naive,1.0,0.6776168960806978
31,naive,2.0,0.7251213127957314
31,naive,3.0,0.7242370398079739
31,naive,4.0,0.7885780885780885
31,pycaret,1.0,0.737968650901513
31,pycaret,2.0,0.7424000000000001
31,pycaret,3.0,0.7171521035598706
31,pycaret,4.0,0.8097202797202796
31,pycaret,5.0,0.7156973461321288
31,pycaret,6.0,0.7620356387798249
31,pycaret,7.0,0.7632902080162354
31,pycaret,8.0,0.7431071766454926
31,pycaret,9.0,0.7575711718528327
31,pycaret,10.0,0.7654117966838815
31,pycaret,11.0,0.7165284905908672
31,pycaret,12.0,0.7782788771283939
31,pycaret,13.0,0.7581455157579725
31,pycaret,14.0,0.6823809523809524
31,pycaret,15.0,0.740148668739019
31,pycaret,16.0,0.7982132720637923
31,pycaret,17.0,0.7260464469475734
31,pycaret,18.0,0.7450874190409076
31,pycaret,19.0,0.7741970310391363
31,pycaret,20.0,0.7345135566188198
31,tpot,1.0,0.7071414333605146
31,tpot,2.0,0.7545433957449523
31,tpot,3.0,0.714932614555256
31,tpot,4.0,0.8131394692264258
31,tpot,5.0,0.737717514124294
31,tpot,6.0,0.7339320142059867
31,tpot,7.0,0.7141259079903147
31,tpot,8.0,0.7292664426012148
31,tpot,9.0,0.747546728279866
31,tpot,10.0,0.7936615811373093
31,tpot,11.0,0.7497142857142858
31,tpot,12.0,0.7338794578233978
31,tpot,13.0,0.7686384814495254
31,tpot,14.0,0.741248097412481
31,tpot,15.0,0.7531491818442794
31,tpot,16.0,0.7592643328259767
31,tpot,17.0,0.7593262619099009
37,4intelligence,1.0,0.835834546842799
37,4intelligence,2.0,0.8309743119668805
37,4intelligence,3.0,0.8309743119668805
37,4intelligence,4.0,0.8337351416229444
37,4intelligence,5.0,0.8325636883169143
37,4intelligence,6.0,0.8309743119668805
37,4intelligence,7.0,0.8309743119668805
37,4intelligence,8.0,0.835834546842799
37,4intelligence,9.0,0.835834546842799
37,4intelligence,10.0,0.8277173062869012
37,4intelligence,11.0,0.8309822972533798
37,4intelligence,12.0,0.8309743119668805
37,4intelligence,13.0,0.8309743119668805
37,4intelligence,14.0,0.8332568710353442
37,4intelligence,15.0,0.8309743119668805
37,4intelligence,16.0,0.835834546842799
37,4intelligence,17.0,0.8323515978755471
37,4intelligence,18.0,0.835834546842799
37,4intelligence,19.0,0.8309743119668805
37,4intelligence,20.0,0.8309743119668805
37,autogluon,1.0,0.7818140709198478
37,autogluon,2.0,0.7355619601957096
37,autogluon,3.0,0.7580832960143304
37,autogluon,4.0,0.7895526695526696
37,autogluon,5.0,0.7487456279654328
37,autogluon,6.0,0.7474314900785488
37,autogluon,7.0,0.7636653617514862
37,autogluon,8.0,0.7396246064671281
37,autogluon,9.0,0.804276605747194
37,autogluon,10.0,0.7402597402597403
37,autogluon,11.0,0.6883116883116883
37,autogluon,12.0,0.7427135076904662
37,autogluon,13.0,0.7293792517006803
37,autogluon,14.0,0.7052272250510135
37,autogluon,15.0,0.7592764378478665
37,autogluon,16.0,0.7374309506289202
37,autogluon,17.0,0.7487456279654328
37,autogluon,18.0,0.7106732236565975
37,autogluon,19.0,0.6944886874132157
37,autogluon,20.0,0.7624171746620726
37,autokeras,1.0,0.7646064165887955
37,autokeras,2.0,0.7377573363300393
37,autokeras,3.0,0.7592152117190476
37,autokeras,4.0,0.7723043917734183
37,autokeras,5.0,0.7282210689918601
37,autokeras,6.0,0.7321956408250825
37,autokeras,7.0,0.7341384106089988
37,autokeras,8.0,0.7026069066533982
37,autokeras,9.0,0.8294975536551779
37,autokeras,10.0,0.7674475524475525
37,autokeras,11.0,0.6277624176978798
37,autokeras,12.0,0.7579077113960834
37,autokeras,13.0,0.7592418185290805
37,autokeras,14.0,0.6988405155210257
37,autokeras,15.0,0.7573365529345212
37,autokeras,16.0,0.7085014276503638
37,autokeras,17.0,0.7100432405972098
37,autokeras,18.0,0.6877386303223624
37,autokeras,19.0,0.6940680441982834
37,autokeras,20.0,0.6568248078452161
37,autopytorch,1.0,0.7266809228255011
37,autopytorch,2.0,0.6549138531347575
37,autopytorch,3.0,0.7831264165623626
37,autopytorch,4.0,0.7719858536062587
37,autopytorch,5.0,0.7282210689918601
37,autopytorch,6.0,0.75605618870925
37,autopytorch,7.0,0.750188217579522
37,autopytorch,8.0,0.7925345773589287
37,autopytorch,9.0,0.788971028971029
37,autopytorch,10.0,0.7505307403887526
37,autopytorch,11.0,0.7558740110464248
37,autopytorch,12.0,0.7231056466614367
37,autopytorch,13.0,0.764817241881462
37,autopytorch,14.0,0.7938855402970236
37,autopytorch,15.0,0.7412337662337661
37,autopytorch,16.0,0.7756162205141797
37,autopytorch,17.0,0.7000230043708305
37,autopytorch,18.0,0.7402597402597403
37,autopytorch,19.0,0.6876577041714657
37,autopytorch,20.0,0.7458868433217211
37,autosklearn,1.0,0.7497313078708427
37,autosklearn,2.0,0.7085833706523361
37,autosklearn,3.0,0.7962702701040376
37,autosklearn,4.0,0.7981143856143855
37,autosklearn,5.0,0.7582394021073267
37,autosklearn,6.0,0.7678954300416565
37,autosklearn,7.0,0.7443477752555021
37,autosklearn,8.0,0.7604008894331475
37,autosklearn,9.0,0.7996431634403333
37,autosklearn,10.0,0.7676517031355741
37,autosklearn,11.0,0.7351696737594462
37,autosklearn,12.0,0.7674217937416336
37,autosklearn,13.0,0.7644989495285093
37,autosklearn,14.0,0.7681995942865508
37,autosklearn,15.0,0.7661266269961923
37,autosklearn,16.0,0.7624171746620726
37,autosklearn,17.0,0.7448082577799559
37,autosklearn,18.0,0.7432206158621253
37,autosklearn,19.0,0.7097880121135934
37,autosklearn,20.0,0.7800910727523033
37,evalml,1.0,0.7009690998656517
37,evalml,2.0,0.6950291088222124
37,evalml,3.0,0.798532835089439
37,evalml,4.0,0.7956219630093252
37,evalml,5.0,0.7371540246262261
37,evalml,6.0,0.7425037547486527
37,evalml,7.0,0.7079674049240204
37,evalml,8.0,0.7107541581225791
37,evalml,9.0,0.8153496503496503
37,evalml,10.0,0.7603789087042676
37,evalml,11.0,0.7451613406322619
37,evalml,12.0,0.7030362104816947
37,evalml,13.0,0.7462512346233277
37,evalml,14.0,0.7307068796987222
37,evalml,15.0,0.746791652877552
37,evalml,16.0,0.770954890520108
37,evalml,17.0,0.7283211069094945
37,evalml,18.0,0.7436715826546334
37,evalml,19.0,0.6435786435786436
37,evalml,20.0,0.7378010579185322
37,fedot,1.0,0.7432359307359307
37,fedot,2.0,0.6987299774278644
37,fedot,3.0,0.7891223567979706
37,fedot,4.0,0.787310728487199
37,fedot,5.0,0.7294135572123244
37,fedot,6.0,0.7522886737442316
37,fedot,7.0,0.7680227935329977
37,fedot,8.0,0.7885053000097246
37,fedot,9.0,0.5784527972027972
37,fedot,10.0,0.7558740110464248
37,fedot,11.0,0.7465171192443919
37,fedot,12.0,0.7704121743036837
37,fedot,13.0,0.7448082577799559
37,fedot,14.0,0.7273772861188479
37,fedot,15.0,0.7802106356188178
37,fedot,16.0,0.6092718756653183
37,fedot,17.0,0.7144590235421057
37,fedot,18.0,0.7209338280766853
37,fedot,19.0,0.7394966871406662
37,flaml,1.0,0.7567498291182502
37,flaml,2.0,0.6520335454268678
37,flaml,3.0,0.7782309228227403
37,flaml,4.0,0.7824362832034752
37,flaml,5.0,0.6975098296199214
37,flaml,6.0,0.7224313528661354
37,flaml,7.0,0.754769368562472
37,flaml,8.0,0.7627626513977172
37,flaml,9.0,0.7710804469033217
37,flaml,10.0,0.7677218614718615
37,flaml,11.0,0.7321092535236651
37,flaml,12.0,0.7301048951048951
37,flaml,13.0,0.7763422641109817
37,flaml,14.0,0.7436948559373376
37,flaml,15.0,0.7475258424995858
37,flaml,16.0,0.7781280208464674
37,flaml,17.0,0.7554767899150163
37,flaml,18.0,0.7030805742279196
37,flaml,19.0,0.7228200371057514
37,flaml,20.0,0.7697066357353438
37,gama,1.0,0.7377042927703722
37,gama,2.0,0.6776911976911977
37,gama,3.0,0.7831264165623626
37,gama,4.0,0.7895526695526696
37,gama,5.0,0.7487456279654328
37,gama,6.0,0.7075596509807679
37,gama,7.0,0.7660504140917742
37,gama,8.0,0.7700015236304757
37,gama,9.0,0.788971028971029
37,gama,10.0,0.7676517031355741
37,gama,11.0,0.7190414122321365
37,gama,12.0,0.70869375273045
37,gama,13.0,0.7928153717627402
37,gama,14.0,0.7448082577799559
37,gama,15.0,0.7802539850020725
37,gama,16.0,0.7532467532467533
37,gama,17.0,0.7236747438378277
37,gama,18.0,0.7402597402597403
37,gama,19.0,0.7096209912536443
37,gama,20.0,0.7506843156843157
37,h2o,1.0,0.7741580453444861
37,h2o,2.0,0.6912801484230057
37,h2o,3.0,0.7390952033208712
37,h2o,4.0,0.7343770447437026
37,h2o,5.0,0.689277168883141
37,h2o,6.0,0.6809660927307986
37,h2o,7.0,0.7501605252801427
37,h2o,8.0,0.7017581390473989
37,h2o,9.0,0.7936557994211778
37,h2o,10.0,0.7573878777990378
37,h2o,11.0,0.7222511212599072
37,h2o,12.0,0.5761276781684945
37,h2o,13.0,0.7468406593406594
37,h2o,14.0,0.7426199960195211
37,h2o,15.0,0.7220397249809015
37,h2o,16.0,0.6957328385899815
37,h2o,17.0,0.5112997238981491
37,h2o,18.0,0.7349856026326614
37,h2o,19.0,0.7135521988740873
37,h2o,20.0,0.7550564449963482
37,lightautoml,1.0,0.1321542778829211
37,lightautoml,2.0,0.23112073112073114
37,lightautoml,3.0,0.1820679320679321
37,lightautoml,4.0,0.19997538007016682
37,lightautoml,5.0,0.1820679320679321
37,lightautoml,6.0,0.19997538007016682
37,lightautoml,7.0,0.19997538007016682
37,lightautoml,8.0,0.1820679320679321
37,lightautoml,9.0,0.17623439362569798
37,lightautoml,10.0,0.1536050156739812
37,lightautoml,11.0,0.19393939393939394
37,lightautoml,12.0,0.1481290986241481
37,lightautoml,13.0,0.18796992481203006
37,lightautoml,14.0,0.1820679320679321
37,lightautoml,15.0,0.1374025974025974
37,lightautoml,16.0,0.1704703063926365
37,lightautoml,17.0,0.1820679320679321
37,lightautoml,18.0,0.1374025974025974
37,lightautoml,19.0,0.1704703063926365
37,lightautoml,20.0,0.1704703063926365
37,lightwood,1.0,0.7459139499955827
37,lightwood,2.0,0.6638618326118326
37,lightwood,3.0,0.7883500144820262
37,lightwood,4.0,0.6993545376778909
37,lightwood,5.0,0.7448082577799559
37,lightwood,6.0,0.729024410023518
37,lightwood,7.0,0.7831610566304446
37,lightwood,8.0,0.7801128164764528
37,lightwood,9.0,0.8081843727776742
37,lightwood,10.0,0.7508284818629646
37,lightwood,11.0,0.6804475328318246
37,lightwood,12.0,0.742230983302412
37,lightwood,13.0,0.758600583090379
37,lightwood,14.0,0.6719121586378224
37,lightwood,15.0,0.698932178932179
37,lightwood,16.0,0.7186588921282798
37,lightwood,17.0,0.7619754876392045
37,lightwood,18.0,0.670242282307856
37,lightwood,19.0,0.7355116636745873
37,lightwood,20.0,0.7013742511124711
37,mljar,1.0,0.7656317652751955
37,mljar,2.0,0.6770280410833407
37,mljar,3.0,0.7894895801872546
37,mljar,4.0,0.7699903782853091
37,mljar,5.0,0.7545642763034068
37,mljar,6.0,0.7363097852228287
37,mljar,7.0,0.7719858536062587
37,mljar,8.0,0.7226829395504095
37,mljar,9.0,0.8010123886682297
37,mljar,10.0,0.7439325380501851
37,mljar,11.0,0.7402597402597403
37,mljar,12.0,0.7246031746031747
37,mljar,13.0,0.7686844871175752
37,mljar,14.0,0.764167650531287
37,mljar,15.0,0.7571515469205949
37,mljar,16.0,0.7903525046382189
37,mljar,17.0,0.6984828896593602
37,mljar,18.0,0.6687025874843134
37,mljar,19.0,0.722724280327967
37,mljar,20.0,0.7672818494787484
37,naive,1.0,0.7532467532467533
37,naive,2.0,0.7018114628734098
37,naive,3.0,0.7641125862030235
37,naive,4.0,0.7831610566304446
37,pycaret,1.0,0.7567498291182502
37,pycaret,2.0,0.7388724870629808
37,pycaret,3.0,0.7771395271395272
37,pycaret,4.0,0.7831610566304446
37,pycaret,5.0,0.7351643105581591
37,pycaret,6.0,0.7696086226698472
37,pycaret,7.0,0.7678954300416565
37,pycaret,8.0,0.7545642763034068
37,pycaret,9.0,0.8009541478929234
37,pycaret,10.0,0.7676517031355741
37,pycaret,11.0,0.7142857142857143
37,pycaret,12.0,0.7655995120498162
37,pycaret,13.0,0.7686844871175752
37,pycaret,14.0,0.7818349122696949
37,pycaret,15.0,0.7412337662337661
37,pycaret,16.0,0.77324973876698
37,pycaret,17.0,0.7487456279654328
37,pycaret,18.0,0.7418091949807998
37,pycaret,19.0,0.7265341887028633
37,pycaret,20.0,0.7592612199889989
37,tpot,1.0,0.7455773236045199
37,tpot,2.0,0.6907547897646907
37,tpot,3.0,0.7746353646353646
37,tpot,4.0,0.7906750346941734
37,tpot,5.0,0.7307068796987222
37,tpot,6.0,0.7800209735800548
37,tpot,7.0,0.781548640039206
37,tpot,8.0,0.7371540246262261
37,tpot,9.0,0.7922077922077922
37,tpot,10.0,0.7543746576004642
37,tpot,11.0,0.6929057296490794
37,tpot,12.0,0.7501673045151307
37,tpot,13.0,0.7686844871175752
37,tpot,14.0,0.7136583223539744
37,tpot,15.0,0.7649507119386638
37,tpot,16.0,0.7473354231974921
37,tpot,17.0,0.7331919780899372
37,tpot,18.0,0.7432206158621253
37,tpot,19.0,0.7170681524748511
37,tpot,20.0,0.7534354452071279
44,4intelligence,1.0,0.9640590632631816
44,4intelligence,2.0,0.9640590632631816
44,4intelligence,3.0,0.9639820343058874
44,4intelligence,4.0,0.9637312518553648
44,4intelligence,5.0,0.9635253456104972
44,4intelligence,6.0,0.9640590632631816
44,4intelligence,7.0,0.9640590632631816
44,4intelligence,8.0,0.9639820343058874
44,4intelligence,9.0,0.9640590632631816
44,4intelligence,10.0,0.9632888783224328
44,4intelligence,11.0,0.9629318094417296
44,4intelligence,12.0,0.963304590300678
44,4intelligence,13.0,0.9635253456104972
44,4intelligence,14.0,0.9639820343058874
44,4intelligence,15.0,0.9637312518553648
44,4intelligence,16.0,0.9639820343058874
44,4intelligence,17.0,0.9639820343058874
44,4intelligence,18.0,0.9640590632631816
44,4intelligence,19.0,0.9635253456104972
44,4intelligence,20.0,0.9640590632631816
44,autogluon,1.0,0.9574901602458378
44,autogluon,2.0,0.9586529310913884
44,autogluon,3.0,0.956641720592702
44,autogluon,4.0,0.9565498971558832
44,autogluon,5.0,0.959905092460352
44,autogluon,6.0,0.9587029915575107
44,autogluon,7.0,0.9598003212603399
44,autogluon,8.0,0.9519907045171647
44,autogluon,9.0,0.957534722966993
44,autogluon,10.0,0.947817446397251
44,autogluon,11.0,0.9598804030751857
44,autogluon,12.0,0.9487981151416964
44,autogluon,13.0,0.9663082010774595
44,autogluon,14.0,0.9555094907322292
44,autogluon,15.0,0.9511674424728008
44,autogluon,16.0,0.9640576414819854
44,autogluon,17.0,0.9586183815970354
44,autogluon,18.0,0.9576190668508445
44,autogluon,19.0,0.952065739126023
44,autogluon,20.0,0.9467354380618169
44,autokeras,1.0,0.9277258920150508
44,autokeras,2.0,0.9199519161663596
44,autokeras,3.0,0.9101036545454234
44,autokeras,4.0,0.9196525515743756
44,autokeras,5.0,0.9216338393146111
44,autokeras,6.0,0.899970766204733
44,autokeras,7.0,0.9205027771137174
44,autokeras,8.0,0.9125127908256656
44,autokeras,9.0,0.9171059199182121
44,autokeras,10.0,0.9205865808510917
44,autokeras,11.0,0.943600802249755
44,autokeras,12.0,0.9281222712170236
44,autokeras,13.0,0.9108250438086102
44,autokeras,14.0,0.9126529744354276
44,autokeras,15.0,0.9080134071859172
44,autokeras,16.0,0.9272723864183032
44,autokeras,17.0,0.9281910124933158
44,autokeras,18.0,0.9215487981649412
44,autokeras,19.0,0.9084345943746241
44,autokeras,20.0,0.902323509153259
44,autopytorch,1.0,0.9608442987555774
44,autopytorch,2.0,0.9565005352688716
44,autopytorch,3.0,0.9499956588202031
44,autopytorch,4.0,0.9478598765870598
44,autopytorch,5.0,0.9619890396238457
44,autopytorch,6.0,0.9521134330766613
44,autopytorch,7.0,0.9509203879282889
44,autopytorch,8.0,0.9486458587299497
44,autopytorch,9.0,0.9509546038711599
44,autopytorch,10.0,0.9422354223371439
44,autopytorch,11.0,0.9586939437830925
44,autopytorch,12.0,0.941334000141623
44,autopytorch,13.0,0.9640896590337392
44,autopytorch,14.0,0.9510016034234535
44,autopytorch,15.0,0.9543431153631193
44,autopytorch,16.0,0.9628405939340953
44,autopytorch,17.0,0.9422155109928296
44,autopytorch,18.0,0.9543459378655232
44,autopytorch,19.0,0.9531412600427065
44,autopytorch,20.0,0.9488849409411013
44,autosklearn,1.0,0.9630196154913786
44,autosklearn,2.0,0.9630254549785408
44,autosklearn,3.0,0.960934326073648
44,autosklearn,4.0,0.9522258414766558
44,autosklearn,5.0,0.95993737218394
44,autosklearn,6.0,0.9543973941368078
44,autosklearn,7.0,0.9553937126752106
44,autosklearn,8.0,0.9541976159708951
44,autosklearn,9.0,0.9586332233011082
44,autosklearn,10.0,0.9478397544191393
44,autosklearn,11.0,0.9674791024988365
44,autosklearn,12.0,0.955444168641199
44,autosklearn,13.0,0.975049826631484
44,autosklearn,14.0,0.9532829221277088
44,autosklearn,15.0,0.9533204578885643
44,autosklearn,16.0,0.9695125023057309
44,autosklearn,17.0,0.9531626423890497
44,autosklearn,18.0,0.9564947002756791
44,autosklearn,19.0,0.9564738660687
44,autosklearn,20.0,0.956529001455431
44,evalml,1.0,0.9467403722645205
44,evalml,2.0,0.9476830666270062
44,evalml,3.0,0.9576907383782323
44,evalml,4.0,0.9412614767770292
44,evalml,5.0,0.9321079394759259
44,evalml,6.0,0.9565689467969598
44,evalml,7.0,0.9430802253892252
44,evalml,8.0,0.9508861659675176
44,evalml,9.0,0.9551987462789914
44,evalml,10.0,0.9467187140403494
44,evalml,11.0,0.9575946977083754
44,evalml,12.0,0.9347375881346434
44,evalml,13.0,0.958708613287255
44,evalml,14.0,0.9520561819349335
44,evalml,15.0,0.9488535073232115
44,evalml,16.0,0.946083512090969
44,evalml,17.0,0.9488056788903565
44,evalml,18.0,0.9543973941368078
44,evalml,19.0,0.9479876123402975
44,evalml,20.0,0.9403218286126815
44,fedot,1.0,0.9575908890204639
44,fedot,2.0,0.9608504817419845
44,fedot,3.0,0.955521032654039
44,fedot,4.0,0.9522258414766558
44,fedot,5.0,0.95232935355701
44,fedot,6.0,0.9478827361563518
44,fedot,7.0,0.953260730164899
44,fedot,8.0,0.9564017014130208
44,fedot,9.0,0.9641322097392109
44,fedot,10.0,0.9533209401921845
44,fedot,11.0,0.956661124024037
44,fedot,12.0,0.9456146567788696
44,fedot,13.0,0.9674267100977199
44,fedot,14.0,0.9587404994571118
44,fedot,15.0,0.9500542888165038
44,fedot,16.0,0.9684142909993205
44,fedot,17.0,0.942372375471916
44,fedot,18.0,0.9620082811219859
44,fedot,19.0,0.9564738660687
44,flaml,1.0,0.9630026438028404
44,flaml,2.0,0.9566121714042772
44,flaml,3.0,0.9522530652011253
44,flaml,4.0,0.9553915811710135
44,flaml,5.0,0.9577378001609116
44,flaml,6.0,0.9543973941368078
44,flaml,7.0,0.959764230741023
44,flaml,8.0,0.9508861659675176
44,flaml,9.0,0.9608283894824882
44,flaml,10.0,0.9521864415508777
44,flaml,11.0,0.9706921025798178
44,flaml,12.0,0.95437088899904
44,flaml,13.0,0.9663215546311027
44,flaml,14.0,0.9564954924450343
44,flaml,15.0,0.9554915993821195
44,flaml,16.0,0.9629573856912387
44,flaml,17.0,0.9531406920488416
44,flaml,18.0,0.9598151130252679
44,flaml,19.0,0.95532073631979
44,flaml,20.0,0.9542888689857386
44,gama,1.0,0.9553323002402572
44,gama,2.0,0.9608504817419845
44,gama,3.0,0.9478827361563519
44,gama,4.0,0.9423074578174842
44,gama,5.0,0.954458124540947
44,gama,6.0,0.9575655632108973
44,gama,7.0,0.9477901945881396
44,gama,8.0,0.9476544182524518
44,gama,9.0,0.9586521888981818
44,gama,10.0,0.9478397544191393
44,gama,11.0,0.9631236014709935
44,gama,12.0,0.9541706007007653
44,gama,13.0,0.9695982627578719
44,gama,14.0,0.9543597851167469
44,gama,15.0,0.9380242461206526
44,gama,16.0,0.9630011278089081
44,gama,17.0,0.9499064619332533
44,gama,18.0,0.9586939437830925
44,gama,19.0,0.9509617837656231
44,gama,20.0,0.9531647194054371
44,h2o,1.0,0.8870792616720955
44,h2o,2.0,0.8814485929374302
44,h2o,3.0,0.9080227272409683
44,h2o,4.0,0.8791918756773891
44,h2o,5.0,0.8161621251930343
44,h2o,6.0,0.8834001582023007
44,h2o,7.0,0.9392942831554476
44,h2o,8.0,0.9005696413707536
44,h2o,9.0,0.9035958357284282
44,h2o,10.0,0.8863268206246819
44,h2o,11.0,0.8930152982580036
44,h2o,12.0,0.8980562749747276
44,h2o,13.0,0.8471912288641438
44,h2o,14.0,0.8928687351662624
44,h2o,15.0,0.8453017830691151
44,h2o,16.0,0.9254787294811311
44,h2o,17.0,0.8676682468373386
44,h2o,18.0,0.9271071733714509
44,h2o,19.0,0.8813249454128933
44,h2o,20.0,0.8880873521590703
44,lightautoml,1.0,0.23670426282316917
44,lightautoml,2.0,0.21760349893332448
44,lightautoml,3.0,0.20518516042838034
44,lightautoml,4.0,0.23241155709394865
44,lightautoml,5.0,0.22708404987827163
44,lightautoml,6.0,0.2302754137682494
44,lightautoml,7.0,0.23455451729067364
44,lightautoml,8.0,0.23134263134363986
44,lightautoml,9.0,0.23886076235039233
44,lightautoml,10.0,0.23886076235039233
44,lightautoml,11.0,0.20929598809490252
44,lightautoml,12.0,0.20518516042838034
44,lightautoml,13.0,0.24428135595478376
44,lightautoml,14.0,0.23886076235039233
44,lightautoml,15.0,0.24319389898696986
44,lightautoml,16.0,0.21239796344496206
44,lightautoml,17.0,0.24210810729671714
44,lightautoml,18.0,0.20929598809490252
44,lightautoml,19.0,0.21447486206556188
44,lightautoml,20.0,0.22920990834027727
44,lightwood,1.0,0.9500334323656798
44,lightwood,2.0,0.9587612562018509
44,lightwood,3.0,0.9545456171777136
44,lightwood,4.0,0.9436545678588183
44,lightwood,5.0,0.9458718648910373
44,lightwood,6.0,0.9511926756739741
44,lightwood,7.0,0.9489792342121962
44,lightwood,8.0,0.9424910326119971
44,lightwood,9.0,0.9478827361563518
44,lightwood,10.0,0.9391203541301262
44,lightwood,11.0,0.9599012718789709
44,lightwood,12.0,0.9434733534489251
44,lightwood,13.0,0.9663715054598261
44,lightwood,14.0,0.9340990110554047
44,lightwood,15.0,0.9479214055647553
44,lightwood,16.0,0.962934881526494
44,lightwood,17.0,0.9477752818133206
44,lightwood,18.0,0.9393561524146162
44,lightwood,19.0,0.9468108537061258
44,lightwood,20.0,0.9370802168147137
44,mljar,1.0,0.9576096840472715
44,mljar,2.0,0.9575292063348676
44,mljar,3.0,0.9471097848948011
44,mljar,4.0,0.9436103614084069
44,mljar,5.0,0.9575837824271962
44,mljar,6.0,0.9511069472919543
44,mljar,7.0,0.9531728687108199
44,mljar,8.0,0.9518244938452053
44,mljar,9.0,0.9491238912514887
44,mljar,10.0,0.950165463365664
44,mljar,11.0,0.9577337730616178
44,mljar,12.0,0.9450880695899408
44,mljar,13.0,0.963136123529148
44,mljar,14.0,0.9533021741451028
44,mljar,15.0,0.9421028052469427
44,mljar,16.0,0.9683952767954435
44,mljar,17.0,0.9489783062436045
44,mljar,18.0,0.9512561178091697
44,mljar,19.0,0.9565223757737451
44,mljar,20.0,0.9498841074159117
44,naive,1.0,0.9521210684507349
44,naive,2.0,0.9641602211897798
44,naive,3.0,0.9599044151206273
44,naive,4.0,0.9597814256748315
44,naive,5.0,0.957644929866571
44,naive,6.0,0.9554322875247335
44,naive,7.0,0.959764230741023
44,naive,8.0,0.9575027073416652
44,pycaret,1.0,0.9587056086399471
44,pycaret,2.0,0.9575994311562042
44,pycaret,3.0,0.9598826553691998
44,pycaret,4.0,0.9510855177126328
44,pycaret,5.0,0.9512558083068475
44,pycaret,6.0,0.9511508451739058
44,pycaret,7.0,0.955434649692113
44,pycaret,8.0,0.9531679925844808
44,pycaret,9.0,0.9543973941368078
44,pycaret,10.0,0.9553979426697912
44,pycaret,11.0,0.9642544863933911
44,pycaret,12.0,0.9543973941368078
44,pycaret,13.0,0.9685410857527407
44,pycaret,14.0,0.9489371474419144
44,pycaret,15.0,0.9544312298691608
44,pycaret,16.0,0.9662754656774648
44,pycaret,17.0,0.9499513117377656
44,pycaret,18.0,0.9630629855352889
44,pycaret,19.0,0.9509907254938675
44,pycaret,20.0,0.9477587074122726
44,tpot,1.0,0.9497957494965164
44,tpot,2.0,0.9575764950359568
44,tpot,3.0,0.9577370862082286
44,tpot,4.0,0.9478827361563518
44,tpot,5.0,0.9544383650181212
44,tpot,6.0,0.9521134330766613
44,tpot,7.0,0.9543778728553601
44,tpot,8.0,0.9542217864836721
44,tpot,9.0,0.9521235871452631
44,tpot,10.0,0.94566641085327
44,tpot,11.0,0.9641986464094096
44,tpot,12.0,0.9487652077685271
44,tpot,13.0,0.9706555299706905
44,tpot,14.0,0.9521450416895377
44,tpot,15.0,0.9565349337627848
44,tpot,16.0,0.9618329840700769
44,tpot,17.0,0.9488962574939631
44,tpot,18.0,0.963103809432171
44,tpot,19.0,0.9532226394645372
44,tpot,20.0,0.944561374309238
1462,4intelligence,1.0,1.0
1462,4intelligence,2.0,1.0
1462,4intelligence,3.0,1.0
1462,4intelligence,4.0,1.0
1462,4intelligence,5.0,1.0
1462,4intelligence,6.0,1.0
1462,4intelligence,7.0,1.0
1462,4intelligence,8.0,1.0
1462,4intelligence,9.0,1.0
1462,4intelligence,10.0,1.0
1462,4intelligence,11.0,1.0
1462,4intelligence,12.0,1.0
1462,4intelligence,13.0,1.0
1462,4intelligence,14.0,1.0
1462,4intelligence,15.0,1.0
1462,4intelligence,16.0,1.0
1462,4intelligence,17.0,1.0
1462,4intelligence,18.0,1.0
1462,4intelligence,19.0,1.0
1462,4intelligence,20.0,1.0
1462,autogluon,1.0,0.9963641178417745
1462,autogluon,2.0,0.9963666656148433
1462,autogluon,3.0,0.9963646031602164
1462,autogluon,4.0,0.9890968039053146
1462,autogluon,5.0,0.992737431280376
1462,autogluon,6.0,1.0
1462,autogluon,7.0,0.9854835360717714
1462,autogluon,8.0,0.9963636363636363
1462,autogluon,9.0,1.0
1462,autogluon,10.0,0.996365196176995
1462,autogluon,11.0,0.9890722991959096
1462,autogluon,12.0,0.9854634552621131
1462,autogluon,13.0,0.9963625716985401
1462,autogluon,14.0,0.9927321212121212
1462,autogluon,15.0,0.9963652966029793
1462,autogluon,16.0,1.0
1462,autogluon,17.0,1.0
1462,autogluon,18.0,0.9963660169292935
1462,autogluon,19.0,1.0
1462,autogluon,20.0,1.0
1462,autokeras,1.0,1.0
1462,autokeras,2.0,1.0
1462,autokeras,3.0,1.0
1462,autokeras,4.0,1.0
1462,autokeras,5.0,1.0
1462,autokeras,6.0,1.0
1462,autokeras,7.0,1.0
1462,autokeras,8.0,1.0
1462,autokeras,9.0,1.0
1462,autokeras,10.0,1.0
1462,autokeras,11.0,1.0
1462,autokeras,12.0,1.0
1462,autokeras,13.0,1.0
1462,autokeras,14.0,1.0
1462,autokeras,15.0,1.0
1462,autokeras,16.0,1.0
1462,autokeras,17.0,1.0
1462,autokeras,18.0,1.0
1462,autokeras,19.0,1.0
1462,autokeras,20.0,1.0
1462,autopytorch,1.0,1.0
1462,autopytorch,2.0,0.9891171775042742
1462,autopytorch,3.0,1.0
1462,autopytorch,4.0,1.0
1462,autopytorch,5.0,0.9963662294562858
1462,autopytorch,6.0,1.0
1462,autopytorch,7.0,1.0
1462,autopytorch,8.0,1.0
1462,autopytorch,9.0,1.0
1462,autopytorch,10.0,1.0
1462,autopytorch,11.0,1.0
1462,autopytorch,12.0,1.0
1462,autopytorch,13.0,1.0
1462,autopytorch,14.0,0.9963648978274924
1462,autopytorch,15.0,1.0
1462,autopytorch,16.0,1.0
1462,autopytorch,17.0,1.0
1462,autopytorch,18.0,0.9963660169292935
1462,autopytorch,19.0,1.0
1462,autopytorch,20.0,1.0
1462,autosklearn,1.0,1.0
1462,autosklearn,2.0,1.0
1462,autosklearn,3.0,1.0
1462,autosklearn,4.0,1.0
1462,autosklearn,5.0,1.0
1462,autosklearn,6.0,1.0
1462,autosklearn,7.0,1.0
1462,autosklearn,8.0,1.0
1462,autosklearn,9.0,1.0
1462,autosklearn,10.0,1.0
1462,autosklearn,11.0,1.0
1462,autosklearn,12.0,1.0
1462,autosklearn,13.0,1.0
1462,autosklearn,14.0,1.0
1462,autosklearn,15.0,1.0
1462,autosklearn,16.0,1.0
1462,autosklearn,17.0,1.0
1462,autosklearn,18.0,0.9963660169292935
1462,autosklearn,19.0,1.0
1462,autosklearn,20.0,1.0
1462,evalml,1.0,0.9013626058942846
1462,evalml,2.0,0.9423873517786561
1462,evalml,3.0,0.9273767003937502
1462,evalml,4.0,0.9276111564943401
1462,evalml,5.0,0.9128491753645128
1462,evalml,6.0,0.9124369301584491
1462,evalml,7.0,0.9240627209281247
1462,evalml,8.0,0.9380917817700339
1462,evalml,9.0,0.9418582774307965
1462,evalml,10.0,0.9275353084846555
1462,evalml,11.0,0.9345454545454546
1462,evalml,12.0,0.9564504461056186
1462,evalml,13.0,0.9272727272727272
1462,evalml,14.0,0.9419156880574203
1462,evalml,15.0,0.9418181818181818
1462,evalml,16.0,0.9237922718414306
1462,evalml,17.0,0.9383674359714897
1462,evalml,18.0,0.9457198121027907
1462,evalml,19.0,0.9528748639984279
1462,evalml,20.0,0.9273496873496873
1462,fedot,1.0,1.0
1462,fedot,2.0,0.9927391681283898
1462,fedot,3.0,0.9963646031602164
1462,fedot,4.0,0.9782434017595307
1462,fedot,5.0,0.992737431280376
1462,fedot,6.0,0.9746121170821535
1462,fedot,7.0,0.9637873430544596
1462,fedot,8.0,1.0
1462,fedot,9.0,1.0
1462,fedot,10.0,1.0
1462,fedot,11.0,0.9782397767521736
1462,fedot,12.0,1.0
1462,fedot,13.0,1.0
1462,fedot,14.0,1.0
1462,fedot,15.0,0.9963652966029793
1462,fedot,16.0,0.996364799240254
1462,fedot,17.0,1.0
1462,fedot,18.0,0.9927365845443648
1462,fedot,19.0,1.0
1462,fedot,20.0,1.0
1462,flaml,1.0,0.9963641178417745
1462,flaml,2.0,0.9927391681283898
1462,flaml,3.0,1.0
1462,flaml,4.0,0.9963656013017715
1462,flaml,5.0,0.992737431280376
1462,flaml,6.0,0.9854545454545455
1462,flaml,7.0,0.9963656013017715
1462,flaml,8.0,1.0
1462,flaml,9.0,1.0
1462,flaml,10.0,0.996365196176995
1462,flaml,11.0,1.0
1462,flaml,12.0,1.0
1462,flaml,13.0,1.0
1462,flaml,14.0,0.9963648978274924
1462,flaml,15.0,0.9963652966029793
1462,flaml,16.0,1.0
1462,flaml,17.0,1.0
1462,flaml,18.0,0.9963660169292935
1462,flaml,19.0,0.9963652966029793
1462,flaml,20.0,1.0
1462,gama,1.0,1.0
1462,gama,2.0,0.9963666656148433
1462,gama,3.0,1.0
1462,gama,4.0,0.9963615685975254
1462,gama,5.0,0.9963662294562858
1462,gama,6.0,1.0
1462,gama,7.0,1.0
1462,gama,8.0,0.9963636363636363
1462,gama,9.0,1.0
1462,gama,10.0,1.0
1462,gama,11.0,1.0
1462,gama,12.0,1.0
1462,gama,13.0,1.0
1462,gama,14.0,0.9963648978274924
1462,gama,15.0,1.0
1462,gama,16.0,1.0
1462,gama,17.0,1.0
1462,gama,18.0,0.9963660169292935
1462,gama,19.0,1.0
1462,gama,20.0,1.0
1462,h2o,1.0,0.7872
1462,h2o,2.0,0.7383148166188748
1462,h2o,3.0,0.2917955676164631
1462,h2o,4.0,0.7045329514382284
1462,h2o,5.0,0.790335314403111
1462,h2o,6.0,0.26513233601841196
1462,h2o,7.0,0.6683241027769491
1462,h2o,8.0,0.7978537252221463
1462,h2o,9.0,0.7163830362990571
1462,h2o,10.0,0.7825476885945064
1462,h2o,11.0,0.7408959697118027
1462,h2o,12.0,0.7648863892937046
1462,h2o,13.0,0.6070321624684041
1462,h2o,14.0,0.7135534243750092
1462,h2o,15.0,0.6956131878377894
1462,h2o,16.0,0.8402686174901444
1462,h2o,17.0,0.7770345560871876
1462,h2o,18.0,0.8895663117724076
1462,h2o,19.0,0.6823145440946488
1462,h2o,20.0,0.7715942838523484
1462,lightautoml,1.0,0.3557894736842105
1462,lightautoml,2.0,0.46335317053150016
1462,lightautoml,3.0,0.3766000429830218
1462,lightautoml,4.0,0.41929876128490445
1462,lightautoml,5.0,0.4455746531372955
1462,lightautoml,6.0,0.4063424947145878
1462,lightautoml,7.0,0.41929876128490445
1462,lightautoml,8.0,0.33535549196566145
1462,lightautoml,9.0,0.36823148348088963
1462,lightautoml,10.0,0.40205128205128204
1462,lightautoml,11.0,0.41496632996633
1462,lightautoml,12.0,0.3850267379679144
1462,lightautoml,13.0,0.3766000429830218
1462,lightautoml,14.0,0.38926163038839096
1462,lightautoml,15.0,0.4063424947145878
1462,lightautoml,16.0,0.3850267379679144
1462,lightautoml,17.0,0.41496632996633
1462,lightautoml,18.0,0.4367630538797587
1462,lightautoml,19.0,0.4063424947145878
1462,lightautoml,20.0,0.3766000429830218
1462,lightwood,1.0,0.9963641178417745
1462,lightwood,2.0,0.9891171775042742
1462,lightwood,3.0,0.9854618893011751
1462,lightwood,4.0,1.0
1462,lightwood,5.0,1.0
1462,lightwood,6.0,1.0
1462,lightwood,7.0,1.0
1462,lightwood,8.0,1.0
1462,lightwood,9.0,1.0
1462,lightwood,10.0,1.0
1462,lightwood,11.0,1.0
1462,lightwood,12.0,1.0
1462,lightwood,13.0,1.0
1462,lightwood,14.0,0.981824489137462
1462,lightwood,15.0,0.9927337125684234
1462,lightwood,16.0,1.0
1462,lightwood,17.0,1.0
1462,lightwood,18.0,0.9927272727272727
1462,lightwood,19.0,1.0
1462,lightwood,20.0,0.9927272727272727
1462,mljar,1.0,0.9963630582530703
1462,mljar,2.0,0.9927391681283898
1462,mljar,3.0,0.9963646031602164
1462,mljar,4.0,1.0
1462,mljar,5.0,0.992737431280376
1462,mljar,6.0,1.0
1462,mljar,7.0,1.0
1462,mljar,8.0,1.0
1462,mljar,9.0,0.9963644083231712
1462,mljar,10.0,0.985477107402653
1462,mljar,11.0,0.9963654991292796
1462,mljar,12.0,0.9854707964944185
1462,mljar,13.0,1.0
1462,mljar,14.0,0.9890868277111113
1462,mljar,15.0,0.9963618751521186
1462,mljar,16.0,1.0
1462,mljar,17.0,0.9927272727272727
1462,mljar,18.0,0.9963660169292935
1462,mljar,19.0,0.9854787021614408
1462,mljar,20.0,0.9818374808065532
1462,naive,1.0,1.0
1462,naive,2.0,1.0
1462,naive,3.0,1.0
1462,naive,4.0,1.0
1462,naive,5.0,1.0
1462,naive,6.0,1.0
1462,pycaret,1.0,1.0
1462,pycaret,2.0,1.0
1462,pycaret,3.0,1.0
1462,pycaret,4.0,1.0
1462,pycaret,5.0,1.0
1462,pycaret,6.0,1.0
1462,pycaret,7.0,1.0
1462,pycaret,8.0,1.0
1462,pycaret,9.0,1.0
1462,pycaret,10.0,1.0
1462,pycaret,11.0,1.0
1462,pycaret,12.0,1.0
1462,pycaret,13.0,1.0
1462,pycaret,14.0,1.0
1462,pycaret,15.0,1.0
1462,pycaret,16.0,1.0
1462,pycaret,17.0,1.0
1462,pycaret,18.0,0.9963660169292935
1462,pycaret,19.0,1.0
1462,pycaret,20.0,0.9963646031602164
1462,tpot,1.0,1.0
1462,tpot,2.0,1.0
1462,tpot,3.0,1.0
1462,tpot,4.0,1.0
1462,tpot,5.0,1.0
1462,tpot,6.0,1.0
1462,tpot,7.0,1.0
1462,tpot,8.0,1.0
1462,tpot,9.0,1.0
1462,tpot,10.0,1.0
1462,tpot,11.0,1.0
1462,tpot,12.0,1.0
1462,tpot,13.0,1.0
1462,tpot,14.0,1.0
1462,tpot,15.0,1.0
1462,tpot,16.0,1.0
1462,tpot,17.0,1.0
1462,tpot,18.0,1.0
1462,tpot,19.0,1.0
1462,tpot,20.0,1.0
1479,4intelligence,1.0,0.5839988207500846
1479,4intelligence,2.0,0.6689413322243449
1479,4intelligence,3.0,0.6693386099756803
1479,4intelligence,4.0,0.669753850655367
1479,4intelligence,5.0,0.6225902735277138
1479,4intelligence,6.0,0.580983501799458
1479,4intelligence,7.0,0.5970146706806998
1479,4intelligence,8.0,0.6703381653322309
1479,4intelligence,9.0,0.6588019973992949
1479,4intelligence,10.0,0.6703381653322309
1479,4intelligence,11.0,0.5893175710528169
1479,4intelligence,12.0,0.5837209130193253
1479,4intelligence,13.0,0.5839711294120586
1479,4intelligence,14.0,0.5839988207500846
1479,4intelligence,15.0,0.5832902175621962
1479,4intelligence,16.0,0.5906072517375669
1479,4intelligence,17.0,0.5751097896055347
1479,4intelligence,18.0,0.6687398661157615
1479,4intelligence,19.0,0.5945543364607121
1479,4intelligence,20.0,0.580983501799458
1479,autogluon,1.0,0.8683261382383753
1479,autogluon,2.0,0.563638199206405
1479,autogluon,3.0,0.8633176362663083
1479,autogluon,4.0,0.601754250783377
1479,autogluon,5.0,0.5069562955025511
1479,autogluon,6.0,0.5718442836195071
1479,autogluon,7.0,0.5346958411139086
1479,autogluon,8.0,0.5032119543573493
1479,autogluon,9.0,0.9094466191575497
1479,autogluon,10.0,0.8724583304751973
1479,autogluon,11.0,0.8847736625514403
1479,autogluon,12.0,0.5621881547807472
1479,autogluon,13.0,0.6255701138191517
1479,autogluon,14.0,0.8435949051066066
1479,autogluon,15.0,0.9259786208973201
1479,autogluon,16.0,0.5555555555555556
1479,autogluon,17.0,0.6375896818772494
1479,autogluon,18.0,0.8519271507886308
1479,autogluon,19.0,0.4687579823905718
1479,autogluon,20.0,0.553114221023647
1479,autokeras,1.0,0.6502238401220779
1479,autokeras,2.0,0.5961405673373688
1479,autokeras,3.0,0.5300113525634912
1479,autokeras,4.0,0.6910774410774411
1479,autokeras,5.0,0.6633919507482725
1479,autokeras,6.0,0.5304032594279686
1479,autokeras,7.0,0.6246529048765247
1479,autokeras,8.0,0.3434887850310736
1479,autokeras,9.0,0.5872533764321204
1479,autokeras,10.0,0.6716428084526244
1479,autokeras,11.0,0.6067174108109782
1479,autokeras,12.0,0.6735253772290809
1479,autokeras,13.0,0.719029135808291
1479,autokeras,14.0,0.32649729619426593
1479,autokeras,15.0,0.3572417451199101
1479,autokeras,16.0,0.6665057959423807
1479,autokeras,17.0,0.5613188320595728
1479,autokeras,18.0,0.44546054971295024
1479,autokeras,19.0,0.631644693285732
1479,autokeras,20.0,0.5431844739114972
1479,autopytorch,1.0,0.5633425811583096
1479,autopytorch,2.0,0.33562207565251706
1479,autopytorch,3.0,0.5896750473469599
1479,autopytorch,4.0,0.5052354048964218
1479,autopytorch,5.0,0.5021756789391644
1479,autopytorch,6.0,0.5339865478479006
1479,autopytorch,7.0,0.583897291515387
1479,autopytorch,8.0,0.5752266763569359
1479,autopytorch,9.0,0.5386571807212108
1479,autopytorch,10.0,0.5317714590422298
1479,autopytorch,11.0,0.4816219823671389
1479,autopytorch,12.0,0.5037761084462143
1479,autopytorch,13.0,0.5967078189300411
1479,autopytorch,14.0,0.47848120414492096
1479,autopytorch,15.0,0.5349794238683128
1479,autopytorch,16.0,0.525705312543653
1479,autopytorch,17.0,0.4891932081474566
1479,autopytorch,18.0,0.5266525615109493
1479,autopytorch,19.0,0.4773131464562671
1479,autopytorch,20.0,0.5054697635488596
1479,autosklearn,1.0,1.0
1479,autosklearn,2.0,1.0
1479,autosklearn,3.0,1.0
1479,autosklearn,4.0,1.0
1479,autosklearn,5.0,1.0
1479,autosklearn,6.0,1.0
1479,autosklearn,7.0,1.0
1479,autosklearn,8.0,1.0
1479,autosklearn,9.0,1.0
1479,autosklearn,10.0,1.0
1479,autosklearn,11.0,1.0
1479,autosklearn,12.0,1.0
1479,autosklearn,13.0,1.0
1479,autosklearn,14.0,1.0
1479,autosklearn,15.0,1.0
1479,autosklearn,16.0,1.0
1479,autosklearn,17.0,1.0
1479,autosklearn,18.0,1.0
1479,autosklearn,19.0,1.0
1479,autosklearn,20.0,1.0
1479,evalml,1.0,0.9135802469135802
1479,evalml,2.0,0.9217709510752287
1479,evalml,3.0,0.9216354854699081
1479,evalml,4.0,0.9046331034579025
1479,evalml,5.0,0.9218345486964266
1479,evalml,6.0,0.9136535473538646
1479,evalml,7.0,0.8971263126246121
1479,evalml,8.0,0.9136535473538646
1479,evalml,9.0,0.9464966212907989
1479,evalml,10.0,0.9177735928018415
1479,evalml,11.0,0.8969261054598335
1479,evalml,12.0,0.921858485257178
1479,evalml,13.0,0.9094650205761317
1479,evalml,14.0,0.9423477873825755
1479,evalml,15.0,0.925991344605475
1479,evalml,16.0,0.9094496819038248
1479,evalml,17.0,0.9423438130259261
1479,evalml,18.0,0.9012814396317222
1479,evalml,19.0,0.892840812593899
1479,evalml,20.0,0.9382653288572324
1479,fedot,1.0,0.9218106995884775
1479,fedot,2.0,0.9465002455057121
1479,fedot,3.0,0.9752910650763758
1479,fedot,4.0,0.967049114331723
1479,fedot,5.0,0.9670658983718988
1479,fedot,6.0,0.730812450076493
1479,fedot,7.0,0.9506223025193214
1479,fedot,8.0,0.9259962335216572
1479,fedot,9.0,0.9711729137731319
1479,fedot,10.0,0.7932409806869928
1479,fedot,11.0,0.6753844487762616
1479,fedot,12.0,0.7646043095481296
1479,fedot,13.0,0.7081000085115311
1479,fedot,14.0,0.6944622204344654
1479,fedot,15.0,0.9671072642691
1479,fedot,16.0,0.9547018126600507
1479,fedot,17.0,0.9794259603397703
1479,fedot,18.0,0.9629692458578444
1479,fedot,19.0,0.9588393723443407
1479,fedot,20.0,0.7161680267676289
1479,flaml,1.0,0.7558810248021198
1479,flaml,2.0,0.8637129588199768
1479,flaml,3.0,0.8636431690763556
1479,flaml,4.0,0.784464327055331
1479,flaml,5.0,0.8271839106414367
1479,flaml,6.0,0.7757204447469934
1479,flaml,7.0,0.8722460626600059
1479,flaml,8.0,0.8642573304102645
1479,flaml,9.0,0.8674600930750209
1479,flaml,10.0,0.851811708741664
1479,flaml,11.0,0.8798580233113357
1479,flaml,12.0,0.7744588744588744
1479,flaml,13.0,0.8311898539345617
1479,flaml,14.0,0.8505778505778506
1479,flaml,15.0,0.864358791832823
1479,flaml,16.0,0.8518066847335141
1479,flaml,17.0,0.8683395229014018
1479,flaml,18.0,0.8322663274223095
1479,flaml,19.0,0.8010629144891225
1479,flaml,20.0,0.8061702733021291
1479,gama,1.0,1.0
1479,gama,2.0,1.0
1479,gama,3.0,0.9917692685535043
1479,gama,4.0,0.9958840755631202
1479,gama,5.0,0.9670781893004116
1479,gama,6.0,0.9835177780470401
1479,gama,7.0,0.9876555755235858
1479,gama,8.0,0.9917695473251029
1479,gama,9.0,0.9876539028090104
1479,gama,10.0,1.0
1479,gama,11.0,0.9958858935853551
1479,gama,12.0,0.9835177780470401
1479,gama,13.0,0.9835418834997162
1479,gama,14.0,0.9753094782901042
1479,gama,15.0,1.0
1479,gama,16.0,0.9917695473251029
1479,gama,17.0,0.9588547087492904
1479,gama,18.0,1.0
1479,gama,19.0,0.9876543209876543
1479,gama,20.0,0.9711934156378601
1479,h2o,1.0,0.31563786008230454
1479,h2o,2.0,0.33104960882738654
1479,h2o,3.0,0.34971207095060586
1479,h2o,4.0,0.3632331668440733
1479,h2o,5.0,0.35411020776874436
1479,h2o,6.0,0.2996161427533977
1479,h2o,7.0,0.34268734323447675
1479,h2o,8.0,0.3649900112485147
1479,h2o,9.0,0.3363162682534797
1479,h2o,10.0,0.36818000796495415
1479,h2o,11.0,0.3729079093988239
1479,h2o,12.0,0.29782216673602446
1479,h2o,13.0,0.3494587582751834
1479,h2o,14.0,0.32649729619426593
1479,h2o,15.0,0.3801215228797036
1479,h2o,16.0,0.3669308619360803
1479,h2o,17.0,0.3494587582751834
1479,h2o,18.0,0.3640404996391532
1479,h2o,19.0,0.35383148033969186
1479,h2o,20.0,0.34482681288615297
1479,lightautoml,1.0,0.3494587582751834
1479,lightautoml,2.0,0.33562207565251706
1479,lightautoml,3.0,0.33104960882738654
1479,lightautoml,4.0,0.31296296296296294
1479,lightautoml,5.0,0.35411020776874436
1479,lightautoml,6.0,0.36818000796495415
1479,lightautoml,7.0,0.3219653047768456
1479,lightautoml,8.0,0.36818000796495415
1479,lightautoml,9.0,0.33562207565251706
1479,lightautoml,10.0,0.36818000796495415
1479,lightautoml,11.0,0.29520969158921717
1479,lightautoml,12.0,0.36818000796495415
1479,lightautoml,13.0,0.3174538034494944
1479,lightautoml,14.0,0.34021453147136205
1479,lightautoml,15.0,0.29520969158921717
1479,lightautoml,16.0,0.34021453147136205
1479,lightautoml,17.0,0.3174538034494944
1479,lightautoml,18.0,0.3084929559705171
1479,lightautoml,19.0,0.33562207565251706
1479,lightautoml,20.0,0.3219653047768456
1479,lightwood,1.0,0.4930547231877689
1479,lightwood,2.0,0.5319664514573588
1479,lightwood,3.0,0.5468954453511892
1479,lightwood,4.0,0.5473864326323342
1479,lightwood,5.0,0.46509305674730417
1479,lightwood,6.0,0.5591038952266287
1479,lightwood,7.0,0.5207366031490428
1479,lightwood,8.0,0.5358798417255445
1479,lightwood,9.0,0.47623505548729356
1479,lightwood,10.0,0.5209954111377311
1479,lightwood,11.0,0.5118652154432165
1479,lightwood,12.0,0.470694515675962
1479,lightwood,13.0,0.5070949219005341
1479,lightwood,14.0,0.5184858939538525
1479,lightwood,15.0,0.4967584505596202
1479,lightwood,16.0,0.563474615039551
1479,lightwood,17.0,0.5447856170237058
1479,lightwood,18.0,0.45677941699363644
1479,lightwood,19.0,0.46902789044754833
1479,lightwood,20.0,0.5348007940600532
1479,mljar,1.0,0.8928953500954344
1479,mljar,2.0,0.9300055878041521
1479,mljar,3.0,0.9465002455057121
1479,mljar,4.0,0.9217177009133238
1479,mljar,5.0,0.9177150031387319
1479,mljar,6.0,0.9381663543882849
1479,mljar,7.0,0.9259334537789822
1479,mljar,8.0,0.9136622933011846
1479,mljar,9.0,0.9382276723709967
1479,mljar,10.0,0.9423868312757202
1479,mljar,11.0,0.9341137453944918
1479,mljar,12.0,0.9259886750399086
1479,mljar,13.0,0.9135362666494099
1479,mljar,14.0,0.9258380414312618
1479,mljar,15.0,0.9424377124709252
1479,mljar,16.0,0.8761070853462158
1479,mljar,17.0,0.9423105094829128
1479,mljar,18.0,0.9215707283345076
1479,mljar,19.0,0.8763547837621911
1479,mljar,20.0,0.930012687190124
1479,naive,1.0,0.958856100906688
1479,naive,2.0,0.9505251019867728
1479,naive,3.0,0.975307805660513
1479,naive,4.0,0.9505736714975845
1479,naive,5.0,0.9629189109589429
1479,naive,6.0,0.9670591399204969
1479,naive,7.0,0.9506122660618438
1479,naive,8.0,0.9217388013812023
1479,naive,9.0,0.9711836561527035
1479,naive,10.0,0.9670781893004116
1479,naive,11.0,0.9465655846614153
1479,naive,12.0,0.9506390901771337
1479,naive,13.0,0.9629692356426204
1479,naive,14.0,0.9464857398024666
1479,naive,15.0,0.9712227577151324
1479,naive,16.0,0.9341452232027818
1479,pycaret,1.0,0.958856100906688
1479,pycaret,2.0,0.9546633984443692
1479,pycaret,3.0,0.9711924398876912
1479,pycaret,4.0,0.9670658983718988
1479,pycaret,5.0,0.9752868357487923
1479,pycaret,6.0,0.9505533341411204
1479,pycaret,7.0,0.9341006016106164
1479,pycaret,8.0,0.9588477366255144
1479,pycaret,9.0,0.9629366034225981
1479,pycaret,10.0,0.9753086419753086
1479,pycaret,11.0,0.958884080336375
1479,pycaret,12.0,0.9670927267847558
1479,pycaret,13.0,0.9711963444756784
1479,pycaret,14.0,0.942377070302434
1479,pycaret,15.0,0.9383469536615816
1479,pycaret,16.0,0.9547294430213024
1479,pycaret,17.0,0.9670781893004116
1479,pycaret,18.0,0.9794196765874326
1479,pycaret,19.0,0.9381773615150488
1479,pycaret,20.0,0.958822613143601
1479,tpot,1.0,0.9506223018393908
1479,tpot,2.0,0.9876539028090104
1479,tpot,3.0,0.9629617084270314
1479,tpot,4.0,0.9546786689498191
1479,tpot,5.0,0.9794203778156009
1479,tpot,6.0,0.9505887098807453
1479,tpot,7.0,0.9711963428883668
1479,tpot,8.0,0.9917695473251029
1479,tpot,9.0,0.9753036234066045
1479,tpot,10.0,0.938214843195686
1479,tpot,11.0,0.9794448269393803
1479,tpot,12.0,0.979436443488731
1479,tpot,13.0,0.9835390946502057
1479,tpot,14.0,0.9835363058006954
1479,tpot,15.0,0.962989394165375
1479,tpot,16.0,0.9835390946502057
1479,tpot,17.0,0.9670536074433864
1479,tpot,18.0,0.9917692685535043
1479,tpot,19.0,0.9835290452574402
1479,tpot,20.0,0.9917720596732942
1510,4intelligence,1.0,0.9789566628363946
1510,4intelligence,2.0,0.9748973832884168
1510,4intelligence,3.0,0.9827071900862924
1510,4intelligence,4.0,0.9827071900862924
1510,4intelligence,5.0,0.979849750600214
1510,4intelligence,6.0,0.9827071900862924
1510,4intelligence,7.0,0.9806935220543872
1510,4intelligence,8.0,0.9827071900862924
1510,4intelligence,9.0,0.9804352993378452
1510,4intelligence,10.0,0.9804352993378452
1510,4intelligence,11.0,0.9827071900862924
1510,4intelligence,12.0,0.9827071900862924
1510,4intelligence,13.0,0.9827071900862924
1510,4intelligence,14.0,0.9804352993378452
1510,4intelligence,15.0,0.9806935220543872
1510,4intelligence,16.0,0.9806935220543872
1510,4intelligence,17.0,0.9806935220543872
1510,4intelligence,18.0,0.9827071900862924
1510,4intelligence,19.0,0.9827071900862924
1510,4intelligence,20.0,0.9827071900862924
1510,autogluon,1.0,0.938904609193234
1510,autogluon,2.0,0.9473684210526315
1510,autogluon,3.0,0.964800855743678
1510,autogluon,4.0,0.9644506001846722
1510,autogluon,5.0,0.9643874643874643
1510,autogluon,6.0,0.9559711605199416
1510,autogluon,7.0,0.9562799231673403
1510,autogluon,8.0,0.937489340301314
1510,autogluon,9.0,0.9556931544547642
1510,autogluon,10.0,0.9644196486301749
1510,autogluon,11.0,0.9912133978913833
1510,autogluon,12.0,0.9646963562753036
1510,autogluon,13.0,0.9825499264365392
1510,autogluon,14.0,0.9649122807017544
1510,autogluon,15.0,0.9650478854140182
1510,autogluon,16.0,1.0
1510,autogluon,17.0,0.9736533016826774
1510,autogluon,18.0,0.9912118871012456
1510,autogluon,19.0,0.9552943990909363
1510,autogluon,20.0,0.9912019876383678
1510,autokeras,1.0,0.9562212662481583
1510,autokeras,2.0,0.9823481781376517
1510,autokeras,3.0,0.9646655000673039
1510,autokeras,4.0,0.9734329804040505
1510,autokeras,5.0,0.9559912854030501
1510,autokeras,6.0,0.9646331017416961
1510,autokeras,7.0,0.9735947712418299
1510,autokeras,8.0,0.9647641831852358
1510,autokeras,9.0,0.9736004671522273
1510,autokeras,10.0,0.991200155717409
1510,autokeras,11.0,0.9823944451922646
1510,autokeras,12.0,0.9473684210526315
1510,autokeras,13.0,0.9823481781376517
1510,autokeras,14.0,0.9737624581375282
1510,autokeras,15.0,0.9825239427070089
1510,autokeras,16.0,1.0
1510,autokeras,17.0,0.9735785911619373
1510,autokeras,18.0,0.9736356613037366
1510,autokeras,19.0,0.946112115732369
1510,autokeras,20.0,0.9644506001846722
1510,autopytorch,1.0,0.9302702612358141
1510,autopytorch,2.0,0.9298245614035088
1510,autopytorch,3.0,0.964800855743678
1510,autopytorch,4.0,0.9553950235064784
1510,autopytorch,5.0,0.9643874643874643
1510,autopytorch,6.0,0.9122807017543859
1510,autopytorch,7.0,0.9649122807017544
1510,autopytorch,8.0,0.9468857206888823
1510,autopytorch,9.0,0.9736004671522273
1510,autopytorch,10.0,0.9466294729452625
1510,autopytorch,11.0,0.9647888903845291
1510,autopytorch,12.0,0.9470445344129554
1510,autopytorch,13.0,0.9824561403508771
1510,autopytorch,14.0,0.991200155717409
1510,autopytorch,15.0,0.9737373909269983
1510,autopytorch,16.0,0.982633419927588
1510,autopytorch,17.0,0.9648241482827948
1510,autopytorch,18.0,0.9736356613037366
1510,autopytorch,19.0,0.9643874643874643
1510,autopytorch,20.0,0.9912019876383678
1510,autosklearn,1.0,0.9473684210526315
1510,autosklearn,2.0,0.9646963562753036
1510,autosklearn,3.0,0.982400427871839
1510,autosklearn,4.0,0.9823481781376517
1510,autosklearn,5.0,0.9737679539004043
1510,autosklearn,6.0,0.973582696311965
1510,autosklearn,7.0,0.9735947712418299
1510,autosklearn,8.0,0.9465852130325814
1510,autosklearn,9.0,0.991200155717409
1510,autosklearn,10.0,0.9646814404432132
1510,autosklearn,11.0,0.9912133978913833
1510,autosklearn,12.0,0.9646963562753036
1510,autosklearn,13.0,1.0
1510,autosklearn,14.0,0.9823407202216066
1510,autosklearn,15.0,0.9825239427070089
1510,autosklearn,16.0,1.0
1510,autosklearn,17.0,0.9735785911619373
1510,autosklearn,18.0,0.9824561403508771
1510,autosklearn,19.0,0.9643874643874643
1510,autosklearn,20.0,0.9823481781376517
1510,evalml,1.0,0.9736310301256335
1510,evalml,2.0,0.9646963562753036
1510,evalml,3.0,0.9649122807017544
1510,evalml,4.0,0.9912019876383678
1510,evalml,5.0,0.9825641025641025
1510,evalml,6.0,0.9643188854489164
1510,evalml,7.0,0.9643874643874643
1510,evalml,8.0,0.9471462747778537
1510,evalml,9.0,0.9553457217945438
1510,evalml,10.0,0.9562707635625467
1510,evalml,11.0,0.9558976047642969
1510,evalml,12.0,0.9553950235064784
1510,evalml,13.0,0.9912019876383678
1510,evalml,14.0,0.9649122807017544
1510,evalml,15.0,0.9738298581940532
1510,evalml,16.0,1.0
1510,evalml,17.0,0.9735785911619373
1510,evalml,18.0,0.973728227378482
1510,evalml,19.0,0.9643874643874643
1510,evalml,20.0,0.9912019876383678
1510,fedot,1.0,0.9736310301256335
1510,fedot,2.0,0.9649122807017544
1510,fedot,3.0,0.973644637910566
1510,fedot,4.0,0.9912019876383678
1510,fedot,5.0,0.9735947712418299
1510,fedot,6.0,0.9559711605199416
1510,fedot,7.0,0.9556635734276034
1510,fedot,8.0,0.9287802840434419
1510,fedot,9.0,0.9824561403508774
1510,fedot,10.0,0.9823407202216066
1510,fedot,11.0,0.9824561403508771
1510,fedot,12.0,0.9560099381918393
1510,fedot,13.0,1.0
1510,fedot,14.0,0.9737624581375282
1510,fedot,15.0,0.9737373909269983
1510,fedot,16.0,1.0
1510,fedot,17.0,0.9823883379947452
1510,fedot,18.0,0.9559912854030501
1510,fedot,19.0,0.9823481781376517
1510,flaml,1.0,0.9475535065284696
1510,flaml,2.0,0.938413913468575
1510,flaml,3.0,0.9559202666163618
1510,flaml,4.0,0.9734329804040505
1510,flaml,5.0,0.9911982570806099
1510,flaml,6.0,0.9565875472996217
1510,flaml,7.0,0.9649122807017544
1510,flaml,8.0,0.9201108489034185
1510,flaml,9.0,0.9646814404432132
1510,flaml,10.0,0.9384010900218638
1510,flaml,11.0,0.9824561403508771
1510,flaml,12.0,0.9476497793096171
1510,flaml,13.0,0.9912523813944032
1510,flaml,14.0,0.9823407202216066
1510,flaml,15.0,0.9389363357861245
1510,flaml,16.0,0.9912737079766266
1510,flaml,17.0,0.9824120741413975
1510,flaml,18.0,0.9823883379947452
1510,flaml,19.0,0.9552943990909363
1510,flaml,20.0,0.9824561403508771
1510,gama,1.0,0.9562212662481583
1510,gama,2.0,0.9473684210526315
1510,gama,3.0,0.982400427871839
1510,gama,4.0,0.9823481781376517
1510,gama,5.0,0.9735947712418299
1510,gama,6.0,0.9651585967375441
1510,gama,7.0,0.9735947712418299
1510,gama,8.0,0.9468857206888823
1510,gama,9.0,0.9823407202216066
1510,gama,10.0,0.9466294729452625
1510,gama,11.0,0.9824561403508771
1510,gama,12.0,0.9470445344129554
1510,gama,13.0,0.9824561403508771
1510,gama,14.0,0.9824561403508774
1510,gama,15.0,0.9650478854140182
1510,gama,16.0,0.9912737079766266
1510,gama,17.0,0.9560888361377957
1510,gama,18.0,0.9912118871012456
1510,gama,19.0,0.973398144056562
1510,gama,20.0,0.9823481781376517
1510,h2o,1.0,0.9211982792466851
1510,h2o,2.0,0.9122807017543859
1510,h2o,3.0,0.938030083631313
1510,h2o,4.0,0.9190501662906716
1510,h2o,5.0,0.9562799231673403
1510,h2o,6.0,0.8606343869501764
1510,h2o,7.0,0.9562799231673403
1510,h2o,8.0,0.9201108489034185
1510,h2o,9.0,0.920801401456682
1510,h2o,10.0,0.9127844950213371
1510,h2o,11.0,0.9471833355767937
1510,h2o,12.0,0.9473684210526315
1510,h2o,13.0,0.9650998528730782
1510,h2o,14.0,0.9560007785870456
1510,h2o,15.0,0.9128976533405124
1510,h2o,16.0,0.9655808729139923
1510,h2o,17.0,0.9294258373205742
1510,h2o,18.0,0.9469241285030758
1510,h2o,19.0,0.9556635734276034
1510,h2o,20.0,0.9305207463102201
1510,lightautoml,1.0,0.2234359483614697
1510,lightautoml,2.0,0.1822738664843928
1510,lightautoml,3.0,0.24951267056530213
1510,lightautoml,4.0,0.1822738664843928
1510,lightautoml,5.0,0.16666666666666666
1510,lightautoml,6.0,0.15157894736842104
1510,lightautoml,7.0,0.16666666666666666
1510,lightautoml,8.0,0.2234359483614697
1510,lightautoml,9.0,0.17440660474716205
1510,lightautoml,10.0,0.17440660474716205
1510,lightautoml,11.0,0.2407104718317533
1510,lightautoml,12.0,0.1822738664843928
1510,lightautoml,13.0,0.1822738664843928
1510,lightautoml,14.0,0.17440660474716205
1510,lightautoml,15.0,0.2149677992449478
1510,lightautoml,16.0,0.10964912280701754
1510,lightautoml,17.0,0.26743688489516476
1510,lightautoml,18.0,0.23201754385964912
1510,lightautoml,19.0,0.16666666666666666
1510,lightautoml,20.0,0.1822738664843928
1510,lightwood,1.0,0.9387097727474216
1510,lightwood,2.0,0.9208178887453108
1510,lightwood,3.0,0.973644637910566
1510,lightwood,4.0,0.9644506001846722
1510,lightwood,5.0,0.973398144056562
1510,lightwood,6.0,0.9565875472996217
1510,lightwood,7.0,0.946998946998947
1510,lightwood,8.0,0.9287802840434419
1510,lightwood,9.0,0.94702216066482
1510,lightwood,10.0,0.9384010900218638
1510,lightwood,11.0,0.9475179425837321
1510,lightwood,12.0,0.9131509328877749
1510,lightwood,13.0,1.0
1510,lightwood,14.0,0.9565050191616608
1510,lightwood,15.0,0.9651590613362049
1510,lightwood,16.0,0.9157704387551155
1510,lightwood,17.0,0.9474667059806378
1510,lightwood,18.0,0.9649122807017544
1510,lightwood,19.0,0.9473684210526315
1510,lightwood,20.0,0.9823481781376517
1510,mljar,1.0,0.938904609193234
1510,mljar,2.0,0.9560099381918393
1510,mljar,3.0,0.9559202666163618
1510,mljar,4.0,0.9553950235064784
1510,mljar,5.0,0.9823329823329822
1510,mljar,6.0,0.9562992766937228
1510,mljar,7.0,0.9391442245065555
1510,mljar,8.0,0.937489340301314
1510,mljar,9.0,0.9734158926728587
1510,mljar,10.0,0.9556931544547642
1510,mljar,11.0,0.9116026781930672
1510,mljar,12.0,0.9216626943345069
1510,mljar,13.0,1.0
1510,mljar,14.0,0.9737624581375282
1510,mljar,15.0,0.93031812267241
1510,mljar,16.0,0.982633419927588
1510,mljar,17.0,0.9736533016826774
1510,mljar,18.0,0.9649122807017544
1510,mljar,19.0,0.9643874643874643
1510,mljar,20.0,0.9824561403508771
1510,naive,1.0,0.9475535065284696
1510,naive,2.0,0.9562619069720156
1510,pycaret,1.0,0.938904609193234
1510,pycaret,2.0,0.9473684210526315
1510,pycaret,3.0,0.973552159969817
1510,pycaret,4.0,0.9823481781376517
1510,pycaret,5.0,0.9735947712418299
1510,pycaret,6.0,0.9649122807017544
1510,pycaret,7.0,0.9735947712418299
1510,pycaret,8.0,0.9378639935915477
1510,pycaret,9.0,0.9737624581375282
1510,pycaret,10.0,0.9466294729452625
1510,pycaret,11.0,0.9737237831420658
1510,pycaret,12.0,0.938413913468575
1510,pycaret,13.0,0.9912523813944032
1510,pycaret,14.0,0.9737624581375282
1510,pycaret,15.0,0.9650478854140182
1510,pycaret,16.0,0.9824561403508771
1510,pycaret,17.0,0.9736533016826774
1510,pycaret,18.0,0.9823883379947452
1510,pycaret,19.0,0.9911982570806099
1510,pycaret,20.0,0.9912019876383678
1510,tpot,1.0,0.9562212662481583
1510,tpot,2.0,0.9473684210526315
1510,tpot,3.0,0.973644637910566
1510,tpot,4.0,0.9734329804040505
1510,tpot,5.0,0.9824561403508771
1510,tpot,6.0,0.9477378951063162
1510,tpot,7.0,0.973398144056562
1510,tpot,8.0,0.9201108489034185
1510,tpot,9.0,0.9646814404432132
1510,tpot,10.0,0.9293628808864266
1510,tpot,11.0,0.9558976047642969
1510,tpot,12.0,0.938413913468575
1510,tpot,13.0,0.9476497793096171
1510,tpot,14.0,0.9649122807017544
1510,tpot,15.0,0.9737373909269983
1510,tpot,16.0,0.9912737079766266
1510,tpot,17.0,0.9912177672275592
1510,tpot,18.0,0.9824561403508771
1510,tpot,19.0,0.9552943990909363
1510,tpot,20.0,0.9823481781376517
40945,4intelligence,1.0,0.8555701216671979
40945,4intelligence,2.0,0.855807234890712
40945,4intelligence,3.0,0.8555508831620937
40945,4intelligence,4.0,0.8562532634935183
40945,4intelligence,5.0,0.8503377727859608
40945,4intelligence,6.0,0.855807234890712
40945,4intelligence,7.0,0.8555508831620937
40945,4intelligence,8.0,0.8558277620367786
40945,4intelligence,9.0,0.855807234890712
40945,4intelligence,10.0,0.8490328187595209
40945,4intelligence,11.0,0.8555701216671979
40945,4intelligence,12.0,0.8530356152913633
40945,4intelligence,13.0,0.856065112522477
40945,4intelligence,14.0,0.8555701216671979
40945,4intelligence,15.0,0.855807234890712
40945,4intelligence,16.0,0.8555508831620937
40945,4intelligence,17.0,0.855907482130671
40945,4intelligence,18.0,0.8558277620367786
40945,4intelligence,19.0,0.8565109038630989
40945,4intelligence,20.0,0.8534846617963749
40945,autogluon,1.0,0.9809432152309293
40945,autogluon,2.0,0.9656656351821896
40945,autogluon,3.0,0.9655448720797252
40945,autogluon,4.0,0.9770358987916242
40945,autogluon,5.0,0.9731704732233462
40945,autogluon,6.0,0.9500065303065371
40945,autogluon,7.0,0.9695078740880266
40945,autogluon,8.0,0.9693696674140967
40945,autogluon,9.0,0.9808967744450722
40945,autogluon,10.0,0.9733205013233012
40945,autogluon,11.0,0.9618824115308052
40945,autogluon,12.0,0.9733690156133475
40945,autogluon,13.0,0.9615854350918964
40945,autogluon,14.0,0.9655300379237943
40945,autogluon,15.0,0.9617509795364522
40945,autogluon,16.0,0.9421991666613166
40945,autogluon,17.0,0.9692966499248189
40945,autogluon,18.0,0.9617482333915817
40945,autogluon,19.0,0.9617616448478093
40945,autogluon,20.0,0.9770992366412213
40945,autokeras,1.0,0.9469894668323569
40945,autokeras,2.0,0.9465077594012098
40945,autokeras,3.0,0.9350512987721934
40945,autokeras,4.0,0.9347785328433954
40945,autokeras,5.0,0.9576731421486435
40945,autokeras,6.0,0.9541076479211636
40945,autokeras,7.0,0.9541984732824428
40945,autokeras,8.0,0.9575208087039221
40945,autokeras,9.0,0.9692644624298721
40945,autokeras,10.0,0.9391027941962399
40945,autokeras,11.0,0.9466991124584536
40945,autokeras,12.0,0.9543930689598431
40945,autokeras,13.0,0.9387393348281933
40945,autokeras,14.0,0.9505371354323766
40945,autokeras,15.0,0.9349042554297439
40945,autokeras,16.0,0.9342000323812836
40945,autokeras,17.0,0.9307718405428329
40945,autokeras,18.0,0.9017813569300085
40945,autokeras,19.0,0.9426962544777612
40945,autokeras,20.0,0.9694656488549618
40945,autopytorch,1.0,0.9885328358169554
40945,autopytorch,2.0,0.973238360267899
40945,autopytorch,3.0,0.9619024772895951
40945,autopytorch,4.0,0.9769998181931158
40945,autopytorch,5.0,0.969365304711715
40945,autopytorch,6.0,0.9692710531775615
40945,autopytorch,7.0,0.9694194854068106
40945,autopytorch,8.0,0.9769512610551377
40945,autopytorch,9.0,0.9808967744450722
40945,autopytorch,10.0,0.9770992366412213
40945,autopytorch,11.0,0.969421462878026
40945,autopytorch,12.0,0.9771495332474938
40945,autopytorch,13.0,0.9615854350918964
40945,autopytorch,14.0,0.96544444550771
40945,autopytorch,15.0,0.9769986434286765
40945,autopytorch,16.0,0.9654552759414149
40945,autopytorch,17.0,0.9770178491243826
40945,autopytorch,18.0,0.9693985867132653
40945,autopytorch,19.0,0.9617616448478093
40945,autopytorch,20.0,0.9692775639393721
40945,autosklearn,1.0,0.8954277728055611
40945,autosklearn,2.0,0.9119587113232821
40945,autosklearn,3.0,0.8436584830438595
40945,autosklearn,4.0,0.8955992036648692
40945,autosklearn,5.0,0.8998479479070186
40945,autosklearn,6.0,0.8730935000089023
40945,autosklearn,7.0,0.9151010402353591
40945,autosklearn,8.0,0.9027172994448599
40945,autosklearn,9.0,0.8712521393116553
40945,autosklearn,10.0,0.8811442680181847
40945,autosklearn,11.0,0.8478804612636023
40945,autosklearn,12.0,0.8555780517061701
40945,autosklearn,13.0,0.8782257153462549
40945,autosklearn,14.0,0.8742313961557704
40945,autosklearn,15.0,0.8656665938149491
40945,autosklearn,16.0,0.8428245958865714
40945,autosklearn,17.0,0.8696088085969129
40945,autosklearn,18.0,0.903785227016837
40945,autosklearn,19.0,0.8691631931119124
40945,autosklearn,20.0,0.9146533755616912
40945,evalml,1.0,0.9538478936952219
40945,evalml,2.0,0.9537555241152309
40945,evalml,3.0,0.934504637801698
40945,fedot,,
40945,flaml,1.0,0.16555480216102714
40945,flaml,2.0,0.26384602891018355
40945,flaml,3.0,0.9693402589112352
40945,flaml,4.0,0.24829680702618406
40945,flaml,5.0,0.23307334882177233
40945,flaml,6.0,0.9654694826044509
40945,flaml,7.0,0.23684809367177642
40945,flaml,8.0,0.15894141716347315
40945,flaml,9.0,0.9847014769415493
40945,flaml,10.0,0.9732432835728957
40945,flaml,11.0,0.24064369713224676
40945,flaml,12.0,0.19297795454059485
40945,flaml,13.0,0.15894141716347315
40945,flaml,14.0,0.19651157831890487
40945,flaml,15.0,0.20364715860899066
40945,flaml,16.0,0.9502715712551739
40945,flaml,17.0,0.2255871188420306
40945,flaml,18.0,0.2000680431223288
40945,flaml,19.0,0.21818639375891286
40945,flaml,20.0,0.2145185372111118
40945,gama,,
40945,h2o,1.0,0.9846874344366799
40945,h2o,2.0,0.9656310218572719
40945,h2o,3.0,0.9693402589112352
40945,h2o,4.0,0.9731441017590451
40945,h2o,5.0,0.9693090337547492
40945,h2o,6.0,0.9617563732676363
40945,h2o,7.0,0.9694656488549618
40945,h2o,8.0,0.9769512610551377
40945,h2o,9.0,0.9847014769415493
40945,h2o,10.0,0.9620402903906631
40945,h2o,11.0,0.9770660971585194
40945,h2o,12.0,0.973312267545112
40945,h2o,13.0,0.9578145652373489
40945,h2o,14.0,0.9617454524458515
40945,h2o,15.0,0.9579714205993237
40945,h2o,16.0,0.9576985533770067
40945,h2o,17.0,0.9732125795736888
40945,h2o,18.0,0.9693985867132653
40945,h2o,19.0,0.9617616448478093
40945,h2o,20.0,0.9541984732824428
40945,lightautoml,,
40945,lightwood,1.0,0.9729844307792139
40945,lightwood,2.0,0.9655016277075879
40945,lightwood,3.0,0.9615888164719517
40945,lightwood,4.0,0.9731441017590451
40945,lightwood,5.0,0.9654392654386234
40945,lightwood,6.0,0.9537961004322635
40945,lightwood,7.0,0.9617116647796863
40945,lightwood,8.0,0.9769512610551377
40945,lightwood,9.0,0.9846679592016808
40945,lightwood,10.0,0.9615986645660982
40945,lightwood,11.0,0.9655726262535822
40945,lightwood,12.0,0.9695327109966584
40945,lightwood,13.0,0.9499754181333633
40945,lightwood,14.0,0.9692441742713559
40945,lightwood,15.0,0.9731333187629898
40945,lightwood,16.0,0.9538069355319111
40945,lightwood,17.0,0.9732125795736888
40945,lightwood,18.0,0.9615637833824451
40945,lightwood,19.0,0.9617616448478093
40945,lightwood,20.0,0.9731476501231382
40945,mljar,1.0,0.9494633993705336
40945,mljar,2.0,0.9425027128459799
40945,mljar,3.0,0.9420219874817117
40945,mljar,4.0,0.9462417413591258
40945,mljar,5.0,0.9423987757310389
40945,mljar,6.0,0.9154953962382938
40945,mljar,7.0,0.9344682676548169
40945,mljar,8.0,0.9494129957113272
40945,mljar,9.0,0.9536619179099283
40945,mljar,10.0,0.9614721306654578
40945,mljar,11.0,0.9384092473758813
40945,mljar,12.0,0.9422407393067935
40945,mljar,13.0,0.9497973193773623
40945,mljar,14.0,0.9617454524458515
40945,mljar,15.0,0.9356235069445864
40945,mljar,16.0,0.9459951728783116
40945,mljar,17.0,0.9538478936952219
40945,mljar,18.0,0.9227123640694247
40945,mljar,19.0,0.9384297379350176
40945,mljar,20.0,0.9615077349397015
40945,naive,1.0,0.9691777045323661
40945,naive,2.0,0.9694330053721198
40945,naive,3.0,0.9498831792105441
40945,naive,4.0,0.9615310703461625
40945,naive,5.0,0.9459513712185469
40945,naive,6.0,0.9380728091139006
40945,naive,7.0,0.9500905586249747
40945,naive,8.0,0.9573622527489106
40945,naive,9.0,0.9614856265772994
40945,naive,10.0,0.9693748688733599
40945,naive,11.0,0.9423162091504637
40945,naive,12.0,0.9617426351732832
40945,pycaret,1.0,0.9614721306654578
40945,pycaret,2.0,0.9616954298214093
40945,pycaret,3.0,0.9420219874817117
40945,pycaret,4.0,0.9301569671451997
40945,pycaret,5.0,0.942156374791841
40945,pycaret,6.0,0.9378977496530959
40945,pycaret,7.0,0.9341664281477854
40945,pycaret,8.0,0.9454116894164162
40945,pycaret,9.0,0.9536619179099283
40945,pycaret,10.0,0.9654934971665698
40945,pycaret,11.0,0.9421991666613166
40945,pycaret,12.0,0.9577575278446723
40945,pycaret,13.0,0.9537423198659467
40945,pycaret,14.0,0.9614513578415101
40945,pycaret,15.0,0.953644786823428
40945,pycaret,16.0,0.9459951728783116
40945,pycaret,17.0,0.9419708113877352
40945,pycaret,18.0,0.9302381025964794
40945,pycaret,19.0,0.9384297379350176
40945,pycaret,20.0,0.9497724013930401
40945,tpot,,
